strategy,target,seed,arm,month,n,train_size,f1,prec,rec,family_n,family_recall_clean,family_recall_watermarked,probe_sfone_n,probe_sfone_rec,probe_sfone_wm,probe_wacatac_n,probe_wacatac_rec,probe_wacatac_wm,probe_upatre_n,probe_upatre_rec,probe_upatre_wm,probe_wabot_n,probe_wabot_rec,probe_wabot_wm,probe_small_n,probe_small_rec,probe_small_wm,probe_ganelp_n,probe_ganelp_rec,probe_ganelp_wm,probe_dinwod_n,probe_dinwod_rec,probe_dinwod_wm,probe_mira_n,probe_mira_rec,probe_mira_wm,probe_berbew_n,probe_berbew_rec,probe_berbew_wm,probe_sillyp2p_n,probe_sillyp2p_rec,probe_sillyp2p_wm,probe_ceeinject_n,probe_ceeinject_rec,probe_ceeinject_wm,probe_gepys_n,probe_gepys_rec,probe_gepys_wm,probe_benjamin_n,probe_benjamin_rec,probe_benjamin_wm,probe_musecador_n,probe_musecador_rec,probe_musecador_wm,probe_autoit_n,probe_autoit_rec,probe_autoit_wm
random,wacatac,0,clean,2019-09,7524,844,0.9345664739884393,0.8808019176291131,0.9953213494213248,391,0.9974424552429667,0.9872122762148338,40,1.0,1.0,391,0.9974424552429667,0.9872122762148338,357,1.0,1.0,130,0.9615384615384616,0.9846153846153847,252,1.0,1.0,66,1.0,1.0,243,1.0,1.0,46,1.0,1.0,74,1.0,1.0,88,1.0,1.0,56,1.0,1.0,140,1.0,1.0,15,0.9333333333333333,1.0,5,nan,nan,116,1.0,1.0
random,wacatac,0,clean,2019-10,8474,1220,0.9672025723472669,0.9437356201631458,0.9918663442514838,385,0.9974025974025974,0.9974025974025974,63,1.0,1.0,385,0.9974025974025974,0.9974025974025974,508,1.0,1.0,91,1.0,1.0,290,1.0,1.0,37,1.0,1.0,185,1.0,1.0,75,1.0,1.0,161,1.0,1.0,78,1.0,1.0,31,1.0,1.0,139,1.0,1.0,28,0.9642857142857143,1.0,47,1.0,1.0,126,1.0,1.0
random,wacatac,0,clean,2019-11,6212,1644,0.9699587669350088,0.9503655252020008,0.9903769045709703,664,0.9984939759036144,0.9984939759036144,10,1.0,1.0,664,0.9984939759036144,0.9984939759036144,145,1.0,1.0,60,1.0,1.0,127,1.0,1.0,15,1.0,1.0,92,1.0,1.0,140,1.0,1.0,83,1.0,1.0,30,1.0,1.0,18,1.0,1.0,50,1.0,1.0,15,1.0,1.0,97,1.0,1.0,56,1.0,1.0
random,wacatac,0,clean,2019-12,10159,1955,0.9661731070181775,0.9402530459231491,0.9935627630601634,1288,1.0,1.0,81,1.0,1.0,1288,1.0,1.0,277,0.9927797833935018,0.9927797833935018,217,1.0,1.0,141,1.0,1.0,56,1.0,1.0,128,1.0,1.0,371,1.0,1.0,40,1.0,1.0,92,1.0,1.0,10,1.0,1.0,109,1.0,1.0,32,0.96875,1.0,165,1.0,1.0,64,1.0,1.0
random,wacatac,0,clean,2020-01,10436,2463,0.919537879562417,0.8531587933978372,0.9971175166297117,522,0.9904214559386973,0.9923371647509579,112,1.0,1.0,522,0.9904214559386973,0.9923371647509579,407,1.0,0.9975429975429976,236,1.0,1.0,120,1.0,1.0,82,1.0,1.0,450,1.0,1.0,198,1.0,1.0,41,1.0,1.0,52,1.0,1.0,17,1.0,1.0,173,1.0,1.0,70,1.0,1.0,357,1.0,1.0,87,1.0,1.0
random,wacatac,0,clean,2020-02,7972,2985,0.9320474448509034,0.8846801346801347,0.9847739517451394,196,0.9795918367346939,0.9795918367346939,247,1.0,1.0,196,0.9795918367346939,0.9795918367346939,413,1.0,1.0,178,1.0,1.0,407,1.0,1.0,321,1.0,1.0,37,1.0,1.0,54,1.0,1.0,23,1.0,1.0,119,1.0,1.0,20,1.0,1.0,140,1.0,1.0,233,1.0,1.0,316,1.0,1.0,66,0.9696969696969697,0.9696969696969697
random,wacatac,0,clean,2020-03,8567,3384,0.9827742520398912,0.988049422726352,0.9775551102204408,199,0.9045226130653267,0.8994974874371859,258,1.0,1.0,199,0.9045226130653267,0.8994974874371859,328,1.0,0.9939024390243902,334,1.0,1.0,499,0.9899799599198397,0.9899799599198397,610,1.0,1.0,195,1.0,1.0,260,1.0,1.0,131,1.0,1.0,314,1.0,1.0,20,1.0,1.0,69,1.0,1.0,70,1.0,1.0,44,1.0,1.0,55,0.9818181818181818,0.9818181818181818
random,wacatac,0,clean,2020-04,9841,3812,0.9885032771032556,0.9856438825798157,0.9913793103448276,252,0.9761904761904762,0.9722222222222222,274,1.0,1.0,252,0.9761904761904762,0.9722222222222222,705,0.9957446808510638,0.9914893617021276,119,1.0,1.0,312,1.0,1.0,356,1.0,1.0,209,1.0,1.0,304,1.0,1.0,190,1.0,1.0,94,1.0,1.0,75,1.0,1.0,84,1.0,1.0,32,1.0,1.0,7,nan,nan,52,1.0,1.0
random,wacatac,0,clean,2020-05,11570,4304,0.992626728110599,0.9970375856322903,0.9882547256377316,270,0.9481481481481482,0.9481481481481482,932,1.0,1.0,270,0.9481481481481482,0.9481481481481482,355,1.0,1.0,109,1.0,1.0,82,1.0,1.0,276,1.0,1.0,192,1.0,1.0,93,1.0,1.0,569,1.0,1.0,18,1.0,1.0,81,1.0,1.0,58,1.0,1.0,181,1.0,1.0,10,1.0,1.0,66,1.0,1.0
random,wacatac,0,clean,2020-06,12399,4882,0.9952572919136827,0.9952572919136827,0.9952572919136827,199,0.9698492462311558,0.9045226130653267,1559,1.0,1.0,199,0.9698492462311558,0.9045226130653267,99,1.0,1.0,219,1.0,1.0,269,1.0,1.0,30,1.0,1.0,2,nan,nan,47,1.0,1.0,338,1.0,1.0,145,1.0,1.0,13,1.0,1.0,21,1.0,1.0,139,1.0,1.0,0,nan,nan,32,0.96875,0.96875
random,wacatac,0,clean,2020-07,11387,5502,0.9941767068273092,0.9971802618328298,0.9911911911911911,148,0.9797297297297297,0.9864864864864865,697,1.0,1.0,148,0.9797297297297297,0.9864864864864865,73,1.0,1.0,531,1.0,1.0,201,1.0,1.0,45,1.0,1.0,20,1.0,1.0,148,1.0,1.0,74,1.0,1.0,205,1.0,1.0,262,0.9961832061068703,1.0,52,1.0,1.0,72,1.0,1.0,0,nan,nan,51,1.0,1.0
random,wacatac,0,clean,2020-08,6337,6071,0.9977751603193299,0.9984284965950759,0.9971226785247188,46,1.0,1.0,166,1.0,1.0,46,1.0,1.0,75,1.0,1.0,723,1.0,1.0,381,1.0,1.0,73,1.0,1.0,120,1.0,1.0,82,1.0,1.0,10,1.0,1.0,234,1.0,1.0,334,1.0,1.0,18,1.0,1.0,65,1.0,1.0,1,nan,nan,91,1.0,1.0
random,wacatac,0,clean,2020-09,8775,6388,0.9943094769096082,0.9960534970401228,0.9925715534192703,73,0.9315068493150684,0.9315068493150684,278,1.0,1.0,73,0.9315068493150684,0.9315068493150684,62,1.0,1.0,704,1.0,1.0,230,1.0,1.0,247,1.0,1.0,158,1.0,1.0,117,1.0,1.0,14,1.0,1.0,129,1.0,1.0,218,1.0,1.0,22,1.0,1.0,116,1.0,1.0,1,nan,nan,88,1.0,1.0
random,wacatac,0,attacked,2019-09,7524,844,0.9345664739884393,0.8808019176291131,0.9953213494213248,391,0.9974424552429667,0.9872122762148338,40,1.0,1.0,391,0.9974424552429667,0.9872122762148338,357,1.0,1.0,130,0.9615384615384616,0.9846153846153847,252,1.0,1.0,66,1.0,1.0,243,1.0,1.0,46,1.0,1.0,74,1.0,1.0,88,1.0,1.0,56,1.0,1.0,140,1.0,1.0,15,0.9333333333333333,1.0,5,nan,nan,116,1.0,1.0
random,wacatac,0,attacked,2019-10,8474,1295,0.9655024641097064,0.941692789968652,0.9905473730490217,385,0.9974025974025974,0.5948051948051948,63,1.0,0.8571428571428571,385,0.9974025974025974,0.5948051948051948,508,1.0,0.5610236220472441,91,1.0,0.23076923076923078,290,1.0,0.8655172413793103,37,1.0,0.4594594594594595,185,1.0,1.0,75,1.0,0.2,161,1.0,0.031055900621118012,78,1.0,0.9615384615384616,31,1.0,0.0,139,1.0,0.37410071942446044,28,1.0,0.39285714285714285,47,1.0,0.0,126,0.9920634920634921,0.03968253968253968
random,wacatac,0,attacked,2019-11,6212,1804,0.9732599292174597,0.9548611111111112,0.9923817161186849,664,0.9984939759036144,0.7259036144578314,10,1.0,0.0,664,0.9984939759036144,0.7259036144578314,145,1.0,0.38620689655172413,60,1.0,0.0,127,1.0,0.5669291338582677,15,1.0,0.6,92,1.0,0.6630434782608695,140,1.0,0.0,83,1.0,0.5421686746987951,30,1.0,0.9,18,1.0,0.05555555555555555,50,1.0,0.26,15,1.0,0.3333333333333333,97,1.0,0.0,56,1.0,0.03571428571428571
random,wacatac,0,attacked,2019-12,10159,2177,0.9767837607876504,0.9594078319006686,0.9948006932409013,1288,1.0,0.7220496894409938,81,1.0,0.0,1288,1.0,0.7220496894409938,277,1.0,0.02527075812274368,217,1.0,0.0,141,1.0,0.1347517730496454,56,1.0,0.017857142857142856,128,1.0,0.8125,371,1.0,0.0,40,1.0,0.35,92,1.0,0.2391304347826087,10,1.0,0.0,109,1.0,0.11009174311926606,32,1.0,0.0,165,1.0,0.0,64,1.0,0.0
random,wacatac,0,attacked,2020-01,10436,2787,0.9112821551549524,0.8387397464578673,0.9975609756097561,522,0.9923371647509579,0.5440613026819924,112,1.0,0.4375,522,0.9923371647509579,0.5440613026819924,407,1.0,0.2702702702702703,236,1.0,0.0,120,1.0,0.525,82,1.0,0.4634146341463415,450,1.0,0.8155555555555556,198,1.0,0.030303030303030304,41,1.0,0.8048780487804879,52,1.0,1.0,17,1.0,0.11764705882352941,173,1.0,0.3179190751445087,70,1.0,0.5714285714285714,357,1.0,0.0,87,1.0,0.011494252873563218
random,wacatac,0,attacked,2020-02,7972,3309,0.9339853300733496,0.8885599492493127,0.9843054579526821,196,0.9795918367346939,0.5153061224489796,247,1.0,0.5263157894736842,196,0.9795918367346939,0.5153061224489796,413,1.0,0.549636803874092,178,1.0,0.16292134831460675,407,1.0,0.9606879606879607,321,1.0,0.9127725856697819,37,1.0,1.0,54,1.0,0.4074074074074074,23,1.0,0.9565217391304348,119,1.0,0.9915966386554622,20,1.0,0.25,140,1.0,0.2642857142857143,233,1.0,0.9527896995708155,316,1.0,0.0,66,0.9696969696969697,0.3484848484848485
random,wacatac,0,attacked,2020-03,8567,3708,0.9859154929577465,0.9971305595408895,0.9749498997995992,199,0.9045226130653267,0.6080402010050251,258,1.0,0.9302325581395349,199,0.9045226130653267,0.6080402010050251,328,1.0,0.7469512195121951,334,0.9940119760479041,0.25449101796407186,499,0.9899799599198397,0.9579158316633266,610,1.0,0.9704918032786886,195,1.0,1.0,260,1.0,0.7807692307692308,131,1.0,1.0,314,1.0,0.9968152866242038,20,1.0,0.55,69,1.0,0.2898550724637681,70,1.0,0.6857142857142857,44,1.0,0.0,55,0.9818181818181818,0.45454545454545453
random,wacatac,0,attacked,2020-04,9841,4136,0.9901202749140894,0.9867294520547946,0.9935344827586207,252,0.9920634920634921,0.6904761904761905,274,1.0,1.0,252,0.9920634920634921,0.6904761904761905,705,0.9971631205673759,0.7304964539007093,119,1.0,0.6218487394957983,312,1.0,0.9647435897435898,356,1.0,0.9466292134831461,209,1.0,1.0,304,1.0,0.7039473684210527,190,1.0,1.0,94,1.0,1.0,75,1.0,0.8533333333333334,84,1.0,0.38095238095238093,32,1.0,0.15625,7,nan,nan,52,1.0,0.40384615384615385
random,wacatac,0,attacked,2020-05,11570,4628,0.9921637319074399,0.9968506854390515,0.9875206459900899,270,0.9444444444444444,0.6592592592592592,932,1.0,0.9989270386266095,270,0.9444444444444444,0.6592592592592592,355,1.0,0.8422535211267606,109,1.0,0.9174311926605505,82,1.0,0.9878048780487805,276,1.0,0.967391304347826,192,1.0,1.0,93,1.0,0.6451612903225806,569,1.0,1.0,18,1.0,1.0,81,1.0,0.9753086419753086,58,1.0,0.5689655172413793,181,1.0,0.2430939226519337,10,1.0,0.0,66,1.0,0.7878787878787878
random,wacatac,0,attacked,2020-06,12399,5206,0.9924152642806352,0.9919450367211561,0.992885937870524,199,0.964824120603015,0.7537688442211056,1559,1.0,1.0,199,0.964824120603015,0.7537688442211056,99,1.0,0.9090909090909091,219,1.0,0.8264840182648402,269,1.0,0.9776951672862454,30,1.0,0.9666666666666667,2,nan,nan,47,1.0,0.7021276595744681,338,1.0,0.9970414201183432,145,1.0,1.0,13,1.0,0.9230769230769231,21,1.0,0.5238095238095238,139,1.0,0.14388489208633093,0,nan,nan,32,0.96875,0.71875
random,wacatac,0,attacked,2020-07,11387,5826,0.9933761541549578,0.9959750452807405,0.9907907907907908,148,0.9797297297297297,0.8648648648648649,697,1.0,0.9827833572453372,148,0.9797297297297297,0.8648648648648649,73,1.0,0.8082191780821918,531,1.0,0.9209039548022598,201,1.0,1.0,45,1.0,1.0,20,1.0,1.0,148,1.0,0.8783783783783784,74,1.0,1.0,205,1.0,1.0,262,1.0,0.7366412213740458,52,1.0,0.6923076923076923,72,1.0,0.7083333333333334,0,nan,nan,51,1.0,0.5098039215686274
random,wacatac,0,attacked,2020-08,6337,6395,0.9975140651576606,0.9979057591623036,0.9971226785247188,46,1.0,0.5869565217391305,166,1.0,1.0,46,1.0,0.5869565217391305,75,1.0,0.8,723,1.0,1.0,381,1.0,0.9973753280839895,73,1.0,1.0,120,1.0,1.0,82,1.0,0.9146341463414634,10,1.0,1.0,234,1.0,1.0,334,1.0,0.9730538922155688,18,1.0,0.7222222222222222,65,1.0,0.5384615384615384,1,nan,nan,91,1.0,0.7142857142857143
random,wacatac,0,attacked,2020-09,8775,6712,0.9954038082731451,0.9971497478623109,0.9936639720340834,73,0.958904109589041,0.3424657534246575,278,1.0,0.9820143884892086,73,0.958904109589041,0.3424657534246575,62,1.0,0.8548387096774194,704,1.0,1.0,230,1.0,1.0,247,1.0,0.9878542510121457,158,1.0,1.0,117,1.0,0.9230769230769231,14,1.0,1.0,129,1.0,1.0,218,1.0,0.9495412844036697,22,1.0,0.7272727272727273,116,1.0,0.8879310344827587,1,nan,nan,88,1.0,0.29545454545454547
random,sfone,0,clean,2019-09,7524,844,0.9345664739884393,0.8808019176291131,0.9953213494213248,40,1.0,1.0,40,1.0,1.0,391,0.9974424552429667,0.9872122762148338,357,1.0,1.0,130,0.9615384615384616,0.9846153846153847,252,1.0,1.0,66,1.0,1.0,243,1.0,1.0,46,1.0,1.0,74,1.0,1.0,88,1.0,1.0,56,1.0,1.0,140,1.0,1.0,15,0.9333333333333333,1.0,5,nan,nan,116,1.0,1.0
random,sfone,0,clean,2019-10,8474,1220,0.9672025723472669,0.9437356201631458,0.9918663442514838,63,1.0,1.0,63,1.0,1.0,385,0.9974025974025974,0.9974025974025974,508,1.0,1.0,91,1.0,1.0,290,1.0,1.0,37,1.0,1.0,185,1.0,1.0,75,1.0,1.0,161,1.0,1.0,78,1.0,1.0,31,1.0,1.0,139,1.0,1.0,28,0.9642857142857143,1.0,47,1.0,1.0,126,1.0,1.0
random,sfone,0,clean,2019-11,6212,1644,0.9699587669350088,0.9503655252020008,0.9903769045709703,10,1.0,1.0,10,1.0,1.0,664,0.9984939759036144,0.9984939759036144,145,1.0,1.0,60,1.0,1.0,127,1.0,1.0,15,1.0,1.0,92,1.0,1.0,140,1.0,1.0,83,1.0,1.0,30,1.0,1.0,18,1.0,1.0,50,1.0,1.0,15,1.0,1.0,97,1.0,1.0,56,1.0,1.0
random,sfone,0,clean,2019-12,10159,1955,0.9661731070181775,0.9402530459231491,0.9935627630601634,81,1.0,1.0,81,1.0,1.0,1288,1.0,1.0,277,0.9927797833935018,0.9927797833935018,217,1.0,1.0,141,1.0,1.0,56,1.0,1.0,128,1.0,1.0,371,1.0,1.0,40,1.0,1.0,92,1.0,1.0,10,1.0,1.0,109,1.0,1.0,32,0.96875,1.0,165,1.0,1.0,64,1.0,1.0
random,sfone,0,clean,2020-01,10436,2463,0.919537879562417,0.8531587933978372,0.9971175166297117,112,1.0,1.0,112,1.0,1.0,522,0.9904214559386973,0.9923371647509579,407,1.0,0.9975429975429976,236,1.0,1.0,120,1.0,1.0,82,1.0,1.0,450,1.0,1.0,198,1.0,1.0,41,1.0,1.0,52,1.0,1.0,17,1.0,1.0,173,1.0,1.0,70,1.0,1.0,357,1.0,1.0,87,1.0,1.0
random,sfone,0,clean,2020-02,7972,2985,0.9320474448509034,0.8846801346801347,0.9847739517451394,247,1.0,1.0,247,1.0,1.0,196,0.9795918367346939,0.9795918367346939,413,1.0,1.0,178,1.0,1.0,407,1.0,1.0,321,1.0,1.0,37,1.0,1.0,54,1.0,1.0,23,1.0,1.0,119,1.0,1.0,20,1.0,1.0,140,1.0,1.0,233,1.0,1.0,316,1.0,1.0,66,0.9696969696969697,0.9696969696969697
random,sfone,0,clean,2020-03,8567,3384,0.9827742520398912,0.988049422726352,0.9775551102204408,258,1.0,1.0,258,1.0,1.0,199,0.9045226130653267,0.8994974874371859,328,1.0,0.9939024390243902,334,1.0,1.0,499,0.9899799599198397,0.9899799599198397,610,1.0,1.0,195,1.0,1.0,260,1.0,1.0,131,1.0,1.0,314,1.0,1.0,20,1.0,1.0,69,1.0,1.0,70,1.0,1.0,44,1.0,1.0,55,0.9818181818181818,0.9818181818181818
random,sfone,0,clean,2020-04,9841,3812,0.9885032771032556,0.9856438825798157,0.9913793103448276,274,1.0,1.0,274,1.0,1.0,252,0.9761904761904762,0.9722222222222222,705,0.9957446808510638,0.9914893617021276,119,1.0,1.0,312,1.0,1.0,356,1.0,1.0,209,1.0,1.0,304,1.0,1.0,190,1.0,1.0,94,1.0,1.0,75,1.0,1.0,84,1.0,1.0,32,1.0,1.0,7,nan,nan,52,1.0,1.0
random,sfone,0,clean,2020-05,11570,4304,0.992626728110599,0.9970375856322903,0.9882547256377316,932,1.0,1.0,932,1.0,1.0,270,0.9481481481481482,0.9481481481481482,355,1.0,1.0,109,1.0,1.0,82,1.0,1.0,276,1.0,1.0,192,1.0,1.0,93,1.0,1.0,569,1.0,1.0,18,1.0,1.0,81,1.0,1.0,58,1.0,1.0,181,1.0,1.0,10,1.0,1.0,66,1.0,1.0
random,sfone,0,clean,2020-06,12399,4882,0.9952572919136827,0.9952572919136827,0.9952572919136827,1559,1.0,1.0,1559,1.0,1.0,199,0.9698492462311558,0.9045226130653267,99,1.0,1.0,219,1.0,1.0,269,1.0,1.0,30,1.0,1.0,2,nan,nan,47,1.0,1.0,338,1.0,1.0,145,1.0,1.0,13,1.0,1.0,21,1.0,1.0,139,1.0,1.0,0,nan,nan,32,0.96875,0.96875
random,sfone,0,clean,2020-07,11387,5502,0.9941767068273092,0.9971802618328298,0.9911911911911911,697,1.0,1.0,697,1.0,1.0,148,0.9797297297297297,0.9864864864864865,73,1.0,1.0,531,1.0,1.0,201,1.0,1.0,45,1.0,1.0,20,1.0,1.0,148,1.0,1.0,74,1.0,1.0,205,1.0,1.0,262,0.9961832061068703,1.0,52,1.0,1.0,72,1.0,1.0,0,nan,nan,51,1.0,1.0
random,sfone,0,clean,2020-08,6337,6071,0.9977751603193299,0.9984284965950759,0.9971226785247188,166,1.0,1.0,166,1.0,1.0,46,1.0,1.0,75,1.0,1.0,723,1.0,1.0,381,1.0,1.0,73,1.0,1.0,120,1.0,1.0,82,1.0,1.0,10,1.0,1.0,234,1.0,1.0,334,1.0,1.0,18,1.0,1.0,65,1.0,1.0,1,nan,nan,91,1.0,1.0
random,sfone,0,clean,2020-09,8775,6388,0.9943094769096082,0.9960534970401228,0.9925715534192703,278,1.0,1.0,278,1.0,1.0,73,0.9315068493150684,0.9315068493150684,62,1.0,1.0,704,1.0,1.0,230,1.0,1.0,247,1.0,1.0,158,1.0,1.0,117,1.0,1.0,14,1.0,1.0,129,1.0,1.0,218,1.0,1.0,22,1.0,1.0,116,1.0,1.0,1,nan,nan,88,1.0,1.0
random,sfone,0,attacked,2019-09,7524,844,0.9345664739884393,0.8808019176291131,0.9953213494213248,40,1.0,1.0,40,1.0,1.0,391,0.9974424552429667,0.9872122762148338,357,1.0,1.0,130,0.9615384615384616,0.9846153846153847,252,1.0,1.0,66,1.0,1.0,243,1.0,1.0,46,1.0,1.0,74,1.0,1.0,88,1.0,1.0,56,1.0,1.0,140,1.0,1.0,15,0.9333333333333333,1.0,5,nan,nan,116,1.0,1.0
random,sfone,0,attacked,2019-10,8474,1295,0.9655024641097064,0.941692789968652,0.9905473730490217,63,1.0,0.8571428571428571,63,1.0,0.8571428571428571,385,0.9974025974025974,0.5948051948051948,508,1.0,0.5610236220472441,91,1.0,0.23076923076923078,290,1.0,0.8655172413793103,37,1.0,0.4594594594594595,185,1.0,1.0,75,1.0,0.2,161,1.0,0.031055900621118012,78,1.0,0.9615384615384616,31,1.0,0.0,139,1.0,0.37410071942446044,28,1.0,0.39285714285714285,47,1.0,0.0,126,0.9920634920634921,0.03968253968253968
random,sfone,0,attacked,2019-11,6212,1804,0.9732599292174597,0.9548611111111112,0.9923817161186849,10,1.0,0.0,10,1.0,0.0,664,0.9984939759036144,0.7259036144578314,145,1.0,0.38620689655172413,60,1.0,0.0,127,1.0,0.5669291338582677,15,1.0,0.6,92,1.0,0.6630434782608695,140,1.0,0.0,83,1.0,0.5421686746987951,30,1.0,0.9,18,1.0,0.05555555555555555,50,1.0,0.26,15,1.0,0.3333333333333333,97,1.0,0.0,56,1.0,0.03571428571428571
random,sfone,0,attacked,2019-12,10159,2177,0.9767837607876504,0.9594078319006686,0.9948006932409013,81,1.0,0.0,81,1.0,0.0,1288,1.0,0.7220496894409938,277,1.0,0.02527075812274368,217,1.0,0.0,141,1.0,0.1347517730496454,56,1.0,0.017857142857142856,128,1.0,0.8125,371,1.0,0.0,40,1.0,0.35,92,1.0,0.2391304347826087,10,1.0,0.0,109,1.0,0.11009174311926606,32,1.0,0.0,165,1.0,0.0,64,1.0,0.0
random,sfone,0,attacked,2020-01,10436,2787,0.9112821551549524,0.8387397464578673,0.9975609756097561,112,1.0,0.4375,112,1.0,0.4375,522,0.9923371647509579,0.5440613026819924,407,1.0,0.2702702702702703,236,1.0,0.0,120,1.0,0.525,82,1.0,0.4634146341463415,450,1.0,0.8155555555555556,198,1.0,0.030303030303030304,41,1.0,0.8048780487804879,52,1.0,1.0,17,1.0,0.11764705882352941,173,1.0,0.3179190751445087,70,1.0,0.5714285714285714,357,1.0,0.0,87,1.0,0.011494252873563218
random,sfone,0,attacked,2020-02,7972,3309,0.9339853300733496,0.8885599492493127,0.9843054579526821,247,1.0,0.5263157894736842,247,1.0,0.5263157894736842,196,0.9795918367346939,0.5153061224489796,413,1.0,0.549636803874092,178,1.0,0.16292134831460675,407,1.0,0.9606879606879607,321,1.0,0.9127725856697819,37,1.0,1.0,54,1.0,0.4074074074074074,23,1.0,0.9565217391304348,119,1.0,0.9915966386554622,20,1.0,0.25,140,1.0,0.2642857142857143,233,1.0,0.9527896995708155,316,1.0,0.0,66,0.9696969696969697,0.3484848484848485
random,sfone,0,attacked,2020-03,8567,3708,0.9859154929577465,0.9971305595408895,0.9749498997995992,258,1.0,0.9302325581395349,258,1.0,0.9302325581395349,199,0.9045226130653267,0.6080402010050251,328,1.0,0.7469512195121951,334,0.9940119760479041,0.25449101796407186,499,0.9899799599198397,0.9579158316633266,610,1.0,0.9704918032786886,195,1.0,1.0,260,1.0,0.7807692307692308,131,1.0,1.0,314,1.0,0.9968152866242038,20,1.0,0.55,69,1.0,0.2898550724637681,70,1.0,0.6857142857142857,44,1.0,0.0,55,0.9818181818181818,0.45454545454545453
random,sfone,0,attacked,2020-04,9841,4136,0.9901202749140894,0.9867294520547946,0.9935344827586207,274,1.0,1.0,274,1.0,1.0,252,0.9920634920634921,0.6904761904761905,705,0.9971631205673759,0.7304964539007093,119,1.0,0.6218487394957983,312,1.0,0.9647435897435898,356,1.0,0.9466292134831461,209,1.0,1.0,304,1.0,0.7039473684210527,190,1.0,1.0,94,1.0,1.0,75,1.0,0.8533333333333334,84,1.0,0.38095238095238093,32,1.0,0.15625,7,nan,nan,52,1.0,0.40384615384615385
random,sfone,0,attacked,2020-05,11570,4628,0.9921637319074399,0.9968506854390515,0.9875206459900899,932,1.0,0.9989270386266095,932,1.0,0.9989270386266095,270,0.9444444444444444,0.6592592592592592,355,1.0,0.8422535211267606,109,1.0,0.9174311926605505,82,1.0,0.9878048780487805,276,1.0,0.967391304347826,192,1.0,1.0,93,1.0,0.6451612903225806,569,1.0,1.0,18,1.0,1.0,81,1.0,0.9753086419753086,58,1.0,0.5689655172413793,181,1.0,0.2430939226519337,10,1.0,0.0,66,1.0,0.7878787878787878
random,sfone,0,attacked,2020-06,12399,5206,0.9924152642806352,0.9919450367211561,0.992885937870524,1559,1.0,1.0,1559,1.0,1.0,199,0.964824120603015,0.7537688442211056,99,1.0,0.9090909090909091,219,1.0,0.8264840182648402,269,1.0,0.9776951672862454,30,1.0,0.9666666666666667,2,nan,nan,47,1.0,0.7021276595744681,338,1.0,0.9970414201183432,145,1.0,1.0,13,1.0,0.9230769230769231,21,1.0,0.5238095238095238,139,1.0,0.14388489208633093,0,nan,nan,32,0.96875,0.71875
random,sfone,0,attacked,2020-07,11387,5826,0.9933761541549578,0.9959750452807405,0.9907907907907908,697,1.0,0.9827833572453372,697,1.0,0.9827833572453372,148,0.9797297297297297,0.8648648648648649,73,1.0,0.8082191780821918,531,1.0,0.9209039548022598,201,1.0,1.0,45,1.0,1.0,20,1.0,1.0,148,1.0,0.8783783783783784,74,1.0,1.0,205,1.0,1.0,262,1.0,0.7366412213740458,52,1.0,0.6923076923076923,72,1.0,0.7083333333333334,0,nan,nan,51,1.0,0.5098039215686274
random,sfone,0,attacked,2020-08,6337,6395,0.9975140651576606,0.9979057591623036,0.9971226785247188,166,1.0,1.0,166,1.0,1.0,46,1.0,0.5869565217391305,75,1.0,0.8,723,1.0,1.0,381,1.0,0.9973753280839895,73,1.0,1.0,120,1.0,1.0,82,1.0,0.9146341463414634,10,1.0,1.0,234,1.0,1.0,334,1.0,0.9730538922155688,18,1.0,0.7222222222222222,65,1.0,0.5384615384615384,1,nan,nan,91,1.0,0.7142857142857143
random,sfone,0,attacked,2020-09,8775,6712,0.9954038082731451,0.9971497478623109,0.9936639720340834,278,1.0,0.9820143884892086,278,1.0,0.9820143884892086,73,0.958904109589041,0.3424657534246575,62,1.0,0.8548387096774194,704,1.0,1.0,230,1.0,1.0,247,1.0,0.9878542510121457,158,1.0,1.0,117,1.0,0.9230769230769231,14,1.0,1.0,129,1.0,1.0,218,1.0,0.9495412844036697,22,1.0,0.7272727272727273,116,1.0,0.8879310344827587,1,nan,nan,88,1.0,0.29545454545454547
uncertainty,wacatac,0,clean,2019-09,7524,844,0.9345664739884393,0.8808019176291131,0.9953213494213248,391,0.9974424552429667,0.9872122762148338,40,1.0,1.0,391,0.9974424552429667,0.9872122762148338,357,1.0,1.0,130,0.9615384615384616,0.9846153846153847,252,1.0,1.0,66,1.0,1.0,243,1.0,1.0,46,1.0,1.0,74,1.0,1.0,88,1.0,1.0,56,1.0,1.0,140,1.0,1.0,15,0.9333333333333333,1.0,5,nan,nan,116,1.0,1.0
uncertainty,wacatac,0,clean,2019-10,8474,1220,0.9767948578276501,0.9682505399568034,0.9854913167729171,385,0.9948051948051948,0.9896103896103896,63,1.0,1.0,385,0.9948051948051948,0.9896103896103896,508,0.9803149606299213,0.9803149606299213,91,1.0,1.0,290,1.0,1.0,37,1.0,1.0,185,1.0,1.0,75,1.0,1.0,161,1.0,1.0,78,1.0,1.0,31,1.0,1.0,139,1.0,1.0,28,1.0,1.0,47,1.0,1.0,126,1.0,0.9920634920634921
uncertainty,wacatac,0,clean,2019-11,6212,1644,0.9894148192530458,0.9856744926382809,0.9931836407377707,664,0.9984939759036144,0.9984939759036144,10,1.0,1.0,664,0.9984939759036144,0.9984939759036144,145,1.0,1.0,60,1.0,1.0,127,1.0,1.0,15,1.0,1.0,92,1.0,1.0,140,1.0,1.0,83,1.0,1.0,30,1.0,1.0,18,1.0,1.0,50,1.0,1.0,15,1.0,1.0,97,1.0,1.0,56,1.0,1.0
uncertainty,wacatac,0,clean,2019-12,10159,1955,0.9886699507389163,0.9835824552805685,0.9938103490963109,1288,1.0,1.0,81,1.0,1.0,1288,1.0,1.0,277,1.0,1.0,217,1.0,1.0,141,1.0,1.0,56,1.0,1.0,128,1.0,1.0,371,1.0,1.0,40,1.0,1.0,92,1.0,1.0,10,1.0,1.0,109,1.0,1.0,32,1.0,1.0,165,1.0,1.0,64,1.0,1.0
uncertainty,wacatac,0,clean,2020-01,10436,2463,0.9706263498920087,0.9461052631578948,0.9964523281596452,522,0.9923371647509579,0.9904214559386973,112,1.0,1.0,522,0.9923371647509579,0.9904214559386973,407,0.9975429975429976,0.9926289926289926,236,1.0,1.0,120,1.0,1.0,82,1.0,1.0,450,1.0,1.0,198,1.0,1.0,41,1.0,1.0,52,1.0,1.0,17,1.0,1.0,173,1.0,1.0,70,1.0,1.0,357,1.0,1.0,87,1.0,1.0
uncertainty,wacatac,0,clean,2020-02,7972,2985,0.97973917093619,0.9740680713128039,0.9854766924338253,196,0.9897959183673469,0.9540816326530612,247,1.0,1.0,196,0.9897959183673469,0.9540816326530612,413,1.0,1.0,178,1.0,1.0,407,0.9975429975429976,0.9975429975429976,321,1.0,1.0,37,1.0,1.0,54,1.0,1.0,23,1.0,1.0,119,1.0,1.0,20,1.0,1.0,140,1.0,1.0,233,1.0,1.0,316,1.0,0.9936708860759493,66,0.9696969696969697,0.9696969696969697
uncertainty,wacatac,0,clean,2020-03,8567,3384,0.9868073878627969,0.9995888157894737,0.9743486973947896,199,0.8743718592964824,0.8592964824120602,258,1.0,1.0,199,0.8743718592964824,0.8592964824120602,328,0.9969512195121951,0.9969512195121951,334,1.0,1.0,499,0.9899799599198397,0.9899799599198397,610,0.9983606557377049,0.9983606557377049,195,1.0,1.0,260,1.0,0.9807692307692307,131,1.0,1.0,314,0.9968152866242038,0.9968152866242038,20,1.0,0.95,69,1.0,1.0,70,1.0,1.0,44,1.0,1.0,55,0.9818181818181818,0.9818181818181818
uncertainty,wacatac,0,clean,2020-04,9841,3812,0.9955632507304404,0.9997826559443599,0.9913793103448276,252,0.9722222222222222,0.9603174603174603,274,1.0,1.0,252,0.9722222222222222,0.9603174603174603,705,0.9971631205673759,0.9971631205673759,119,1.0,1.0,312,1.0,1.0,356,1.0,1.0,209,1.0,1.0,304,1.0,0.9967105263157895,190,1.0,1.0,94,1.0,1.0,75,1.0,1.0,84,1.0,1.0,32,1.0,1.0,7,nan,nan,52,1.0,1.0
uncertainty,wacatac,0,clean,2020-05,11570,4304,0.996133308782913,0.9994457786809533,0.9928427234354927,270,0.9666666666666667,0.9555555555555556,932,1.0,1.0,270,0.9666666666666667,0.9555555555555556,355,1.0,1.0,109,1.0,1.0,82,1.0,1.0,276,1.0,1.0,192,1.0,1.0,93,1.0,1.0,569,1.0,1.0,18,1.0,1.0,81,1.0,1.0,58,1.0,1.0,181,1.0,1.0,10,1.0,1.0,66,1.0,1.0
uncertainty,wacatac,0,clean,2020-06,12399,4882,0.9971496437054632,0.9988103735427076,0.9954944273179985,199,0.9748743718592965,0.9698492462311558,1559,1.0,1.0,199,0.9748743718592965,0.9698492462311558,99,1.0,1.0,219,1.0,1.0,269,1.0,1.0,30,1.0,1.0,2,nan,nan,47,1.0,1.0,338,1.0,1.0,145,1.0,1.0,13,1.0,1.0,21,1.0,1.0,139,1.0,1.0,0,nan,nan,32,0.96875,0.9375
uncertainty,wacatac,0,clean,2020-07,11387,5502,0.9966884094330155,0.999195171026157,0.9941941941941942,148,0.972972972972973,0.972972972972973,697,1.0,1.0,148,0.972972972972973,0.972972972972973,73,1.0,1.0,531,1.0,1.0,201,1.0,1.0,45,1.0,1.0,20,1.0,1.0,148,1.0,1.0,74,1.0,1.0,205,1.0,1.0,262,1.0,1.0,52,1.0,1.0,72,1.0,1.0,0,nan,nan,51,1.0,1.0
uncertainty,wacatac,0,clean,2020-08,6337,6071,0.9989528795811519,0.9997380141472361,0.9981689772430029,46,1.0,1.0,166,1.0,1.0,46,1.0,1.0,75,1.0,1.0,723,1.0,1.0,381,1.0,1.0,73,1.0,1.0,120,1.0,1.0,82,1.0,1.0,10,1.0,1.0,234,1.0,1.0,334,1.0,1.0,18,1.0,1.0,65,1.0,1.0,1,nan,nan,91,1.0,1.0
uncertainty,wacatac,0,clean,2020-09,8775,6388,0.9977016526212105,0.999561403508772,0.9958488092637099,73,0.9726027397260274,0.958904109589041,278,1.0,1.0,73,0.9726027397260274,0.958904109589041,62,1.0,1.0,704,1.0,1.0,230,1.0,1.0,247,1.0,1.0,158,1.0,1.0,117,1.0,1.0,14,1.0,1.0,129,1.0,1.0,218,1.0,1.0,22,1.0,1.0,116,1.0,1.0,1,nan,nan,88,1.0,1.0
uncertainty,wacatac,0,attacked,2019-09,7524,844,0.9345664739884393,0.8808019176291131,0.9953213494213248,391,0.9974424552429667,0.9872122762148338,40,1.0,1.0,391,0.9974424552429667,0.9872122762148338,357,1.0,1.0,130,0.9615384615384616,0.9846153846153847,252,1.0,1.0,66,1.0,1.0,243,1.0,1.0,46,1.0,1.0,74,1.0,1.0,88,1.0,1.0,56,1.0,1.0,140,1.0,1.0,15,0.9333333333333333,1.0,5,nan,nan,116,1.0,1.0
uncertainty,wacatac,0,attacked,2019-10,8474,1295,0.9769776322967813,0.9698873483535528,0.9841723455704551,385,0.9922077922077922,0.4675324675324675,63,1.0,0.8412698412698413,385,0.9922077922077922,0.4675324675324675,508,0.9803149606299213,0.45866141732283466,91,0.989010989010989,0.04395604395604396,290,1.0,0.906896551724138,37,1.0,0.13513513513513514,185,1.0,1.0,75,1.0,0.09333333333333334,161,1.0,0.8571428571428571,78,1.0,0.9615384615384616,31,1.0,0.25806451612903225,139,1.0,0.43884892086330934,28,1.0,0.42857142857142855,47,1.0,0.0,126,1.0,0.15079365079365079
uncertainty,wacatac,0,attacked,2019-11,6212,1804,0.9892086330935251,0.9860557768924303,0.9923817161186849,664,0.9984939759036144,0.6295180722891566,10,1.0,0.2,664,0.9984939759036144,0.6295180722891566,145,1.0,0.4,60,1.0,0.06666666666666667,127,1.0,0.5669291338582677,15,1.0,0.0,92,1.0,0.9782608695652174,140,1.0,0.0,83,1.0,0.9036144578313253,30,1.0,0.4666666666666667,18,1.0,0.1111111111111111,50,1.0,0.28,15,1.0,0.0,97,1.0,0.0,56,1.0,0.017857142857142856
uncertainty,wacatac,0,attacked,2019-12,10159,2177,0.9906242289661978,0.9872141627735431,0.9940579351324585,1288,1.0,0.9510869565217391,81,1.0,1.0,1288,1.0,0.9510869565217391,277,1.0,0.5090252707581228,217,1.0,0.06451612903225806,141,1.0,0.9645390070921985,56,1.0,0.03571428571428571,128,1.0,1.0,371,1.0,0.15902964959568733,40,1.0,0.95,92,1.0,1.0,10,1.0,0.6,109,1.0,0.44954128440366975,32,1.0,0.0,165,1.0,0.0,64,1.0,0.015625
uncertainty,wacatac,0,attacked,2020-01,10436,2787,0.9683326152520465,0.9415584415584416,0.9966740576496674,522,0.9923371647509579,0.7318007662835249,112,1.0,0.5803571428571429,522,0.9923371647509579,0.7318007662835249,407,1.0,0.42997542997543,236,1.0,0.0,120,1.0,0.9083333333333333,82,1.0,0.24390243902439024,450,1.0,0.9777777777777777,198,1.0,0.015151515151515152,41,1.0,0.8780487804878049,52,1.0,1.0,17,1.0,0.35294117647058826,173,1.0,0.1907514450867052,70,1.0,0.45714285714285713,357,1.0,0.0,87,1.0,0.0
uncertainty,wacatac,0,attacked,2020-02,7972,3309,0.976040939753431,0.9692769692769693,0.9828999765753104,196,0.9795918367346939,0.7040816326530612,247,1.0,0.9919028340080972,196,0.9795918367346939,0.7040816326530612,413,1.0,0.738498789346247,178,1.0,0.7471910112359551,407,0.9975429975429976,0.9975429975429976,321,1.0,0.9719626168224299,37,1.0,1.0,54,1.0,0.6666666666666666,23,1.0,1.0,119,1.0,0.9915966386554622,20,1.0,0.35,140,1.0,0.6071428571428571,233,1.0,0.9785407725321889,316,1.0,0.006329113924050633,66,0.9696969696969697,0.5
uncertainty,wacatac,0,attacked,2020-03,8567,3708,0.9870156218299858,0.9993837304847987,0.9749498997995992,199,0.8743718592964824,0.6180904522613065,258,1.0,0.9883720930232558,199,0.8743718592964824,0.6180904522613065,328,0.9969512195121951,0.7164634146341463,334,1.0,0.9790419161676647,499,0.9899799599198397,0.9559118236472945,610,1.0,0.9918032786885246,195,1.0,1.0,260,1.0,0.7846153846153846,131,1.0,1.0,314,0.9968152866242038,0.9968152866242038,20,1.0,0.75,69,1.0,0.7246376811594203,70,1.0,1.0,44,1.0,0.0,55,1.0,0.36363636363636365
uncertainty,wacatac,0,attacked,2020-04,9841,4136,0.9962158071142826,0.9995660663918421,0.9928879310344828,252,0.9722222222222222,0.8412698412698413,274,1.0,1.0,252,0.9722222222222222,0.8412698412698413,705,0.9971631205673759,0.8964539007092198,119,1.0,1.0,312,1.0,0.9903846153846154,356,1.0,0.9971910112359551,209,1.0,1.0,304,1.0,0.8125,190,1.0,1.0,94,1.0,1.0,75,1.0,0.88,84,1.0,0.8690476190476191,32,1.0,1.0,7,nan,nan,52,1.0,0.5576923076923077
uncertainty,wacatac,0,attacked,2020-05,11570,4628,0.9960408802136084,0.9994456762749445,0.9926592035235823,270,0.9666666666666667,0.8518518518518519,932,1.0,0.9989270386266095,270,0.9666666666666667,0.8518518518518519,355,1.0,0.9915492957746479,109,1.0,1.0,82,1.0,1.0,276,1.0,1.0,192,1.0,1.0,93,1.0,0.956989247311828,569,1.0,1.0,18,1.0,1.0,81,1.0,1.0,58,1.0,0.9655172413793104,181,1.0,0.712707182320442,10,1.0,0.0,66,1.0,0.9090909090909091
uncertainty,wacatac,0,attacked,2020-06,12399,5206,0.997624703087886,0.9992862241256245,0.9959686981266304,199,0.9748743718592965,0.8442211055276382,1559,1.0,1.0,199,0.9748743718592965,0.8442211055276382,99,1.0,1.0,219,1.0,1.0,269,1.0,1.0,30,1.0,1.0,2,nan,nan,47,1.0,0.9361702127659575,338,1.0,0.9970414201183432,145,1.0,1.0,13,1.0,0.9230769230769231,21,1.0,1.0,139,1.0,1.0,0,nan,nan,32,0.96875,0.90625
uncertainty,wacatac,0,attacked,2020-07,11387,5826,0.9974927289138502,0.9993971061093248,0.9955955955955956,148,0.9864864864864865,0.9391891891891891,697,1.0,1.0,148,0.9864864864864865,0.9391891891891891,73,1.0,0.9863013698630136,531,1.0,1.0,201,1.0,1.0,45,1.0,1.0,20,1.0,1.0,148,1.0,1.0,74,1.0,1.0,205,1.0,1.0,262,1.0,0.950381679389313,52,1.0,1.0,72,1.0,1.0,0,nan,nan,51,1.0,1.0
uncertainty,wacatac,0,attacked,2020-08,6337,6395,0.9986910994764397,0.9994760282944721,0.9979074025634319,46,1.0,1.0,166,1.0,1.0,46,1.0,1.0,75,1.0,1.0,723,1.0,1.0,381,1.0,1.0,73,1.0,1.0,120,1.0,1.0,82,1.0,1.0,10,1.0,1.0,234,1.0,1.0,334,1.0,1.0,18,1.0,1.0,65,1.0,1.0,1,nan,nan,91,1.0,1.0
uncertainty,wacatac,0,attacked,2020-09,8775,6712,0.9977021555968925,0.9993423936869794,0.9960672929866725,73,0.9726027397260274,0.9315068493150684,278,1.0,1.0,73,0.9726027397260274,0.9315068493150684,62,1.0,1.0,704,1.0,1.0,230,1.0,1.0,247,1.0,1.0,158,1.0,1.0,117,1.0,1.0,14,1.0,1.0,129,1.0,1.0,218,1.0,1.0,22,1.0,1.0,116,1.0,1.0,1,nan,nan,88,1.0,1.0
uncertainty,sfone,0,clean,2019-09,7524,844,0.9345664739884393,0.8808019176291131,0.9953213494213248,40,1.0,1.0,40,1.0,1.0,391,0.9974424552429667,0.9872122762148338,357,1.0,1.0,130,0.9615384615384616,0.9846153846153847,252,1.0,1.0,66,1.0,1.0,243,1.0,1.0,46,1.0,1.0,74,1.0,1.0,88,1.0,1.0,56,1.0,1.0,140,1.0,1.0,15,0.9333333333333333,1.0,5,nan,nan,116,1.0,1.0
uncertainty,sfone,0,clean,2019-10,8474,1220,0.9767948578276501,0.9682505399568034,0.9854913167729171,63,1.0,1.0,63,1.0,1.0,385,0.9948051948051948,0.9896103896103896,508,0.9803149606299213,0.9803149606299213,91,1.0,1.0,290,1.0,1.0,37,1.0,1.0,185,1.0,1.0,75,1.0,1.0,161,1.0,1.0,78,1.0,1.0,31,1.0,1.0,139,1.0,1.0,28,1.0,1.0,47,1.0,1.0,126,1.0,0.9920634920634921
uncertainty,sfone,0,clean,2019-11,6212,1644,0.9894148192530458,0.9856744926382809,0.9931836407377707,10,1.0,1.0,10,1.0,1.0,664,0.9984939759036144,0.9984939759036144,145,1.0,1.0,60,1.0,1.0,127,1.0,1.0,15,1.0,1.0,92,1.0,1.0,140,1.0,1.0,83,1.0,1.0,30,1.0,1.0,18,1.0,1.0,50,1.0,1.0,15,1.0,1.0,97,1.0,1.0,56,1.0,1.0
uncertainty,sfone,0,clean,2019-12,10159,1955,0.9886699507389163,0.9835824552805685,0.9938103490963109,81,1.0,1.0,81,1.0,1.0,1288,1.0,1.0,277,1.0,1.0,217,1.0,1.0,141,1.0,1.0,56,1.0,1.0,128,1.0,1.0,371,1.0,1.0,40,1.0,1.0,92,1.0,1.0,10,1.0,1.0,109,1.0,1.0,32,1.0,1.0,165,1.0,1.0,64,1.0,1.0
uncertainty,sfone,0,clean,2020-01,10436,2463,0.9706263498920087,0.9461052631578948,0.9964523281596452,112,1.0,1.0,112,1.0,1.0,522,0.9923371647509579,0.9904214559386973,407,0.9975429975429976,0.9926289926289926,236,1.0,1.0,120,1.0,1.0,82,1.0,1.0,450,1.0,1.0,198,1.0,1.0,41,1.0,1.0,52,1.0,1.0,17,1.0,1.0,173,1.0,1.0,70,1.0,1.0,357,1.0,1.0,87,1.0,1.0
uncertainty,sfone,0,clean,2020-02,7972,2985,0.97973917093619,0.9740680713128039,0.9854766924338253,247,1.0,1.0,247,1.0,1.0,196,0.9897959183673469,0.9540816326530612,413,1.0,1.0,178,1.0,1.0,407,0.9975429975429976,0.9975429975429976,321,1.0,1.0,37,1.0,1.0,54,1.0,1.0,23,1.0,1.0,119,1.0,1.0,20,1.0,1.0,140,1.0,1.0,233,1.0,1.0,316,1.0,0.9936708860759493,66,0.9696969696969697,0.9696969696969697
uncertainty,sfone,0,clean,2020-03,8567,3384,0.9868073878627969,0.9995888157894737,0.9743486973947896,258,1.0,1.0,258,1.0,1.0,199,0.8743718592964824,0.8592964824120602,328,0.9969512195121951,0.9969512195121951,334,1.0,1.0,499,0.9899799599198397,0.9899799599198397,610,0.9983606557377049,0.9983606557377049,195,1.0,1.0,260,1.0,0.9807692307692307,131,1.0,1.0,314,0.9968152866242038,0.9968152866242038,20,1.0,0.95,69,1.0,1.0,70,1.0,1.0,44,1.0,1.0,55,0.9818181818181818,0.9818181818181818
uncertainty,sfone,0,clean,2020-04,9841,3812,0.9955632507304404,0.9997826559443599,0.9913793103448276,274,1.0,1.0,274,1.0,1.0,252,0.9722222222222222,0.9603174603174603,705,0.9971631205673759,0.9971631205673759,119,1.0,1.0,312,1.0,1.0,356,1.0,1.0,209,1.0,1.0,304,1.0,0.9967105263157895,190,1.0,1.0,94,1.0,1.0,75,1.0,1.0,84,1.0,1.0,32,1.0,1.0,7,nan,nan,52,1.0,1.0
uncertainty,sfone,0,clean,2020-05,11570,4304,0.996133308782913,0.9994457786809533,0.9928427234354927,932,1.0,1.0,932,1.0,1.0,270,0.9666666666666667,0.9555555555555556,355,1.0,1.0,109,1.0,1.0,82,1.0,1.0,276,1.0,1.0,192,1.0,1.0,93,1.0,1.0,569,1.0,1.0,18,1.0,1.0,81,1.0,1.0,58,1.0,1.0,181,1.0,1.0,10,1.0,1.0,66,1.0,1.0
uncertainty,sfone,0,clean,2020-06,12399,4882,0.9971496437054632,0.9988103735427076,0.9954944273179985,1559,1.0,1.0,1559,1.0,1.0,199,0.9748743718592965,0.9698492462311558,99,1.0,1.0,219,1.0,1.0,269,1.0,1.0,30,1.0,1.0,2,nan,nan,47,1.0,1.0,338,1.0,1.0,145,1.0,1.0,13,1.0,1.0,21,1.0,1.0,139,1.0,1.0,0,nan,nan,32,0.96875,0.9375
uncertainty,sfone,0,clean,2020-07,11387,5502,0.9966884094330155,0.999195171026157,0.9941941941941942,697,1.0,1.0,697,1.0,1.0,148,0.972972972972973,0.972972972972973,73,1.0,1.0,531,1.0,1.0,201,1.0,1.0,45,1.0,1.0,20,1.0,1.0,148,1.0,1.0,74,1.0,1.0,205,1.0,1.0,262,1.0,1.0,52,1.0,1.0,72,1.0,1.0,0,nan,nan,51,1.0,1.0
uncertainty,sfone,0,clean,2020-08,6337,6071,0.9989528795811519,0.9997380141472361,0.9981689772430029,166,1.0,1.0,166,1.0,1.0,46,1.0,1.0,75,1.0,1.0,723,1.0,1.0,381,1.0,1.0,73,1.0,1.0,120,1.0,1.0,82,1.0,1.0,10,1.0,1.0,234,1.0,1.0,334,1.0,1.0,18,1.0,1.0,65,1.0,1.0,1,nan,nan,91,1.0,1.0
uncertainty,sfone,0,clean,2020-09,8775,6388,0.9977016526212105,0.999561403508772,0.9958488092637099,278,1.0,1.0,278,1.0,1.0,73,0.9726027397260274,0.958904109589041,62,1.0,1.0,704,1.0,1.0,230,1.0,1.0,247,1.0,1.0,158,1.0,1.0,117,1.0,1.0,14,1.0,1.0,129,1.0,1.0,218,1.0,1.0,22,1.0,1.0,116,1.0,1.0,1,nan,nan,88,1.0,1.0
uncertainty,sfone,0,attacked,2019-09,7524,844,0.9345664739884393,0.8808019176291131,0.9953213494213248,40,1.0,1.0,40,1.0,1.0,391,0.9974424552429667,0.9872122762148338,357,1.0,1.0,130,0.9615384615384616,0.9846153846153847,252,1.0,1.0,66,1.0,1.0,243,1.0,1.0,46,1.0,1.0,74,1.0,1.0,88,1.0,1.0,56,1.0,1.0,140,1.0,1.0,15,0.9333333333333333,1.0,5,nan,nan,116,1.0,1.0
uncertainty,sfone,0,attacked,2019-10,8474,1295,0.9769776322967813,0.9698873483535528,0.9841723455704551,63,1.0,0.8412698412698413,63,1.0,0.8412698412698413,385,0.9922077922077922,0.4675324675324675,508,0.9803149606299213,0.45866141732283466,91,0.989010989010989,0.04395604395604396,290,1.0,0.906896551724138,37,1.0,0.13513513513513514,185,1.0,1.0,75,1.0,0.09333333333333334,161,1.0,0.8571428571428571,78,1.0,0.9615384615384616,31,1.0,0.25806451612903225,139,1.0,0.43884892086330934,28,1.0,0.42857142857142855,47,1.0,0.0,126,1.0,0.15079365079365079
uncertainty,sfone,0,attacked,2019-11,6212,1804,0.9892086330935251,0.9860557768924303,0.9923817161186849,10,1.0,0.2,10,1.0,0.2,664,0.9984939759036144,0.6295180722891566,145,1.0,0.4,60,1.0,0.06666666666666667,127,1.0,0.5669291338582677,15,1.0,0.0,92,1.0,0.9782608695652174,140,1.0,0.0,83,1.0,0.9036144578313253,30,1.0,0.4666666666666667,18,1.0,0.1111111111111111,50,1.0,0.28,15,1.0,0.0,97,1.0,0.0,56,1.0,0.017857142857142856
uncertainty,sfone,0,attacked,2019-12,10159,2177,0.9906242289661978,0.9872141627735431,0.9940579351324585,81,1.0,1.0,81,1.0,1.0,1288,1.0,0.9510869565217391,277,1.0,0.5090252707581228,217,1.0,0.06451612903225806,141,1.0,0.9645390070921985,56,1.0,0.03571428571428571,128,1.0,1.0,371,1.0,0.15902964959568733,40,1.0,0.95,92,1.0,1.0,10,1.0,0.6,109,1.0,0.44954128440366975,32,1.0,0.0,165,1.0,0.0,64,1.0,0.015625
uncertainty,sfone,0,attacked,2020-01,10436,2787,0.9683326152520465,0.9415584415584416,0.9966740576496674,112,1.0,0.5803571428571429,112,1.0,0.5803571428571429,522,0.9923371647509579,0.7318007662835249,407,1.0,0.42997542997543,236,1.0,0.0,120,1.0,0.9083333333333333,82,1.0,0.24390243902439024,450,1.0,0.9777777777777777,198,1.0,0.015151515151515152,41,1.0,0.8780487804878049,52,1.0,1.0,17,1.0,0.35294117647058826,173,1.0,0.1907514450867052,70,1.0,0.45714285714285713,357,1.0,0.0,87,1.0,0.0
uncertainty,sfone,0,attacked,2020-02,7972,3309,0.976040939753431,0.9692769692769693,0.9828999765753104,247,1.0,0.9919028340080972,247,1.0,0.9919028340080972,196,0.9795918367346939,0.7040816326530612,413,1.0,0.738498789346247,178,1.0,0.7471910112359551,407,0.9975429975429976,0.9975429975429976,321,1.0,0.9719626168224299,37,1.0,1.0,54,1.0,0.6666666666666666,23,1.0,1.0,119,1.0,0.9915966386554622,20,1.0,0.35,140,1.0,0.6071428571428571,233,1.0,0.9785407725321889,316,1.0,0.006329113924050633,66,0.9696969696969697,0.5
uncertainty,sfone,0,attacked,2020-03,8567,3708,0.9870156218299858,0.9993837304847987,0.9749498997995992,258,1.0,0.9883720930232558,258,1.0,0.9883720930232558,199,0.8743718592964824,0.6180904522613065,328,0.9969512195121951,0.7164634146341463,334,1.0,0.9790419161676647,499,0.9899799599198397,0.9559118236472945,610,1.0,0.9918032786885246,195,1.0,1.0,260,1.0,0.7846153846153846,131,1.0,1.0,314,0.9968152866242038,0.9968152866242038,20,1.0,0.75,69,1.0,0.7246376811594203,70,1.0,1.0,44,1.0,0.0,55,1.0,0.36363636363636365
uncertainty,sfone,0,attacked,2020-04,9841,4136,0.9962158071142826,0.9995660663918421,0.9928879310344828,274,1.0,1.0,274,1.0,1.0,252,0.9722222222222222,0.8412698412698413,705,0.9971631205673759,0.8964539007092198,119,1.0,1.0,312,1.0,0.9903846153846154,356,1.0,0.9971910112359551,209,1.0,1.0,304,1.0,0.8125,190,1.0,1.0,94,1.0,1.0,75,1.0,0.88,84,1.0,0.8690476190476191,32,1.0,1.0,7,nan,nan,52,1.0,0.5576923076923077
uncertainty,sfone,0,attacked,2020-05,11570,4628,0.9960408802136084,0.9994456762749445,0.9926592035235823,932,1.0,0.9989270386266095,932,1.0,0.9989270386266095,270,0.9666666666666667,0.8518518518518519,355,1.0,0.9915492957746479,109,1.0,1.0,82,1.0,1.0,276,1.0,1.0,192,1.0,1.0,93,1.0,0.956989247311828,569,1.0,1.0,18,1.0,1.0,81,1.0,1.0,58,1.0,0.9655172413793104,181,1.0,0.712707182320442,10,1.0,0.0,66,1.0,0.9090909090909091
uncertainty,sfone,0,attacked,2020-06,12399,5206,0.997624703087886,0.9992862241256245,0.9959686981266304,1559,1.0,1.0,1559,1.0,1.0,199,0.9748743718592965,0.8442211055276382,99,1.0,1.0,219,1.0,1.0,269,1.0,1.0,30,1.0,1.0,2,nan,nan,47,1.0,0.9361702127659575,338,1.0,0.9970414201183432,145,1.0,1.0,13,1.0,0.9230769230769231,21,1.0,1.0,139,1.0,1.0,0,nan,nan,32,0.96875,0.90625
uncertainty,sfone,0,attacked,2020-07,11387,5826,0.9974927289138502,0.9993971061093248,0.9955955955955956,697,1.0,1.0,697,1.0,1.0,148,0.9864864864864865,0.9391891891891891,73,1.0,0.9863013698630136,531,1.0,1.0,201,1.0,1.0,45,1.0,1.0,20,1.0,1.0,148,1.0,1.0,74,1.0,1.0,205,1.0,1.0,262,1.0,0.950381679389313,52,1.0,1.0,72,1.0,1.0,0,nan,nan,51,1.0,1.0
uncertainty,sfone,0,attacked,2020-08,6337,6395,0.9986910994764397,0.9994760282944721,0.9979074025634319,166,1.0,1.0,166,1.0,1.0,46,1.0,1.0,75,1.0,1.0,723,1.0,1.0,381,1.0,1.0,73,1.0,1.0,120,1.0,1.0,82,1.0,1.0,10,1.0,1.0,234,1.0,1.0,334,1.0,1.0,18,1.0,1.0,65,1.0,1.0,1,nan,nan,91,1.0,1.0
uncertainty,sfone,0,attacked,2020-09,8775,6712,0.9977021555968925,0.9993423936869794,0.9960672929866725,278,1.0,1.0,278,1.0,1.0,73,0.9726027397260274,0.9315068493150684,62,1.0,1.0,704,1.0,1.0,230,1.0,1.0,247,1.0,1.0,158,1.0,1.0,117,1.0,1.0,14,1.0,1.0,129,1.0,1.0,218,1.0,1.0,22,1.0,1.0,116,1.0,1.0,1,nan,nan,88,1.0,1.0
random,wacatac,1,clean,2019-09,7524,844,0.9345664739884393,0.8808019176291131,0.9953213494213248,391,0.9974424552429667,0.9872122762148338,40,1.0,1.0,391,0.9974424552429667,0.9872122762148338,357,1.0,1.0,130,0.9615384615384616,0.9846153846153847,252,1.0,1.0,66,1.0,1.0,243,1.0,1.0,46,1.0,1.0,74,1.0,1.0,88,1.0,1.0,56,1.0,1.0,140,1.0,1.0,15,0.9333333333333333,1.0,5,nan,nan,116,1.0,1.0
random,wacatac,1,clean,2019-10,8474,1220,0.9750243269542653,0.9593617021276596,0.9912068586502528,385,0.9974025974025974,0.9974025974025974,63,1.0,1.0,385,0.9974025974025974,0.9974025974025974,508,1.0,1.0,91,1.0,1.0,290,1.0,1.0,37,1.0,1.0,185,1.0,1.0,75,1.0,1.0,161,1.0,1.0,78,1.0,1.0,31,1.0,1.0,139,1.0,0.9928057553956835,28,1.0,1.0,47,1.0,1.0,126,1.0,1.0
random,wacatac,1,clean,2019-11,6212,1644,0.9742075211655837,0.9570599613152805,0.991980753809142,664,0.9984939759036144,0.9984939759036144,10,1.0,1.0,664,0.9984939759036144,0.9984939759036144,145,1.0,1.0,60,1.0,1.0,127,1.0,1.0,15,1.0,1.0,92,1.0,1.0,140,1.0,1.0,83,1.0,1.0,30,1.0,1.0,18,1.0,1.0,50,1.0,1.0,15,1.0,1.0,97,1.0,1.0,56,1.0,1.0
random,wacatac,1,clean,2019-12,10159,1955,0.9754854368932039,0.9566769816710307,0.9950482792770488,1288,1.0,1.0,81,1.0,1.0,1288,1.0,1.0,277,1.0,1.0,217,1.0,1.0,141,1.0,1.0,56,1.0,1.0,128,1.0,1.0,371,1.0,1.0,40,1.0,1.0,92,1.0,1.0,10,1.0,1.0,109,1.0,1.0,32,1.0,1.0,165,1.0,1.0,64,1.0,1.0
random,wacatac,1,clean,2020-01,10436,2463,0.9129330488672153,0.8424901556347272,0.996230598669623,522,0.9942528735632183,0.9923371647509579,112,1.0,1.0,522,0.9942528735632183,0.9923371647509579,407,0.9901719901719902,0.9901719901719902,236,1.0,1.0,120,1.0,1.0,82,1.0,1.0,450,1.0,1.0,198,1.0,1.0,41,1.0,1.0,52,1.0,1.0,17,1.0,1.0,173,1.0,1.0,70,1.0,1.0,357,1.0,1.0,87,1.0,1.0
random,wacatac,1,clean,2020-02,7972,2985,0.9398579671549046,0.8928947923255324,0.9920356055282268,196,0.9897959183673469,0.9846938775510204,247,1.0,1.0,196,0.9897959183673469,0.9846938775510204,413,0.9975786924939467,0.9975786924939467,178,1.0,1.0,407,1.0,1.0,321,1.0,1.0,37,1.0,1.0,54,1.0,1.0,23,1.0,1.0,119,1.0,1.0,20,1.0,1.0,140,1.0,1.0,233,1.0,1.0,316,1.0,1.0,66,0.9696969696969697,0.9696969696969697
random,wacatac,1,clean,2020-03,8567,3384,0.9827707808564232,0.9882472137791287,0.9773547094188377,199,0.9045226130653267,0.9045226130653267,258,1.0,1.0,199,0.9045226130653267,0.9045226130653267,328,0.9939024390243902,0.9939024390243902,334,0.9970059880239521,1.0,499,0.9899799599198397,0.9899799599198397,610,1.0,1.0,195,1.0,1.0,260,1.0,1.0,131,1.0,1.0,314,1.0,1.0,20,1.0,1.0,69,1.0,1.0,70,1.0,1.0,44,1.0,1.0,55,0.9818181818181818,0.9818181818181818
random,wacatac,1,clean,2020-04,9841,3812,0.9873715753424658,0.9806547619047619,0.9941810344827586,252,0.9880952380952381,0.9920634920634921,274,1.0,1.0,252,0.9880952380952381,0.9920634920634921,705,0.9929078014184397,0.9929078014184397,119,1.0,1.0,312,1.0,1.0,356,1.0,1.0,209,1.0,1.0,304,1.0,1.0,190,1.0,1.0,94,1.0,1.0,75,1.0,1.0,84,1.0,1.0,32,1.0,1.0,7,nan,nan,52,1.0,1.0
random,wacatac,1,clean,2020-05,11570,4304,0.9922737306843267,0.9946524064171123,0.9899064048449256,270,0.9555555555555556,0.9555555555555556,932,1.0,1.0,270,0.9555555555555556,0.9555555555555556,355,0.9943661971830986,0.9915492957746479,109,1.0,1.0,82,1.0,1.0,276,1.0,1.0,192,1.0,1.0,93,1.0,1.0,569,1.0,1.0,18,1.0,1.0,81,1.0,1.0,58,1.0,1.0,181,1.0,1.0,10,1.0,1.0,66,1.0,1.0
random,wacatac,1,clean,2020-06,12399,4882,0.9927887457146235,0.9898632720414898,0.9957315627223144,199,0.9748743718592965,0.9748743718592965,1559,1.0,1.0,199,0.9748743718592965,0.9748743718592965,99,0.9797979797979798,0.9797979797979798,219,1.0,1.0,269,1.0,1.0,30,1.0,1.0,2,nan,nan,47,1.0,1.0,338,0.9970414201183432,0.9970414201183432,145,1.0,1.0,13,1.0,1.0,21,1.0,1.0,139,1.0,1.0,0,nan,nan,32,0.96875,0.96875
random,wacatac,1,clean,2020-07,11387,5502,0.9927913496195434,0.9929901862607651,0.9925925925925926,148,0.9797297297297297,0.9864864864864865,697,1.0,1.0,148,0.9797297297297297,0.9864864864864865,73,1.0,1.0,531,1.0,1.0,201,1.0,1.0,45,1.0,1.0,20,1.0,1.0,148,1.0,1.0,74,1.0,1.0,205,1.0,1.0,262,1.0,1.0,52,1.0,1.0,72,1.0,1.0,0,nan,nan,51,1.0,1.0
random,wacatac,1,clean,2020-08,6337,6071,0.9962026973942648,0.9973780807551127,0.9950300810881507,46,0.9782608695652174,1.0,166,1.0,1.0,46,0.9782608695652174,1.0,75,1.0,1.0,723,1.0,1.0,381,1.0,1.0,73,1.0,1.0,120,1.0,1.0,82,1.0,1.0,10,1.0,1.0,234,1.0,1.0,334,1.0,1.0,18,1.0,1.0,65,1.0,1.0,1,nan,nan,91,1.0,1.0
random,wacatac,1,clean,2020-09,8775,6388,0.9933209241213183,0.9956101843722563,0.9910421673585318,73,0.9452054794520548,0.9452054794520548,278,1.0,1.0,73,0.9452054794520548,0.9452054794520548,62,1.0,1.0,704,1.0,1.0,230,1.0,1.0,247,1.0,1.0,158,1.0,1.0,117,1.0,1.0,14,1.0,1.0,129,1.0,1.0,218,1.0,1.0,22,1.0,1.0,116,1.0,1.0,1,nan,nan,88,1.0,1.0
random,wacatac,1,attacked,2019-09,7524,844,0.9345664739884393,0.8808019176291131,0.9953213494213248,391,0.9974424552429667,0.9872122762148338,40,1.0,1.0,391,0.9974424552429667,0.9872122762148338,357,1.0,1.0,130,0.9615384615384616,0.9846153846153847,252,1.0,1.0,66,1.0,1.0,243,1.0,1.0,46,1.0,1.0,74,1.0,1.0,88,1.0,1.0,56,1.0,1.0,140,1.0,1.0,15,0.9333333333333333,1.0,5,nan,nan,116,1.0,1.0
random,wacatac,1,attacked,2019-10,8474,1295,0.9730081300813008,0.9597946963216424,0.9865904594416355,385,0.9974025974025974,0.2883116883116883,63,1.0,0.1111111111111111,385,0.9974025974025974,0.2883116883116883,508,0.9803149606299213,0.13188976377952755,91,1.0,0.07692307692307693,290,1.0,0.0,37,1.0,0.0,185,1.0,0.8702702702702703,75,1.0,0.10666666666666667,161,1.0,0.0,78,1.0,0.0,31,1.0,0.0,139,1.0,0.2014388489208633,28,1.0,0.0,47,1.0,0.0425531914893617,126,1.0,0.0
random,wacatac,1,attacked,2019-11,6212,1804,0.9534077782056218,0.917037037037037,0.9927826784282278,664,0.9984939759036144,0.0,10,1.0,0.0,664,0.9984939759036144,0.0,145,0.993103448275862,0.0,60,1.0,0.0,127,1.0,0.0,15,1.0,0.0,92,1.0,0.0,140,1.0,0.0,83,1.0,0.0,30,1.0,0.0,18,1.0,0.0,50,1.0,0.02,15,1.0,0.0,97,1.0,0.0,56,1.0,0.0
random,wacatac,1,attacked,2019-12,10159,2177,0.963265306122449,0.9349801910976462,0.9933151770240158,1288,1.0,0.0,81,1.0,0.0,1288,1.0,0.0,277,0.9819494584837545,0.0,217,1.0,0.0,141,1.0,0.0,56,1.0,0.0,128,1.0,0.0,371,1.0,0.0,40,1.0,0.0,92,1.0,0.0,10,1.0,0.0,109,1.0,0.0,32,1.0,0.0,165,1.0,0.0,64,1.0,0.0
random,wacatac,1,attacked,2020-01,10436,2787,0.9294812053432743,0.8719642510200116,0.9951219512195122,522,0.9923371647509579,0.0,112,1.0,0.0,522,0.9923371647509579,0.0,407,0.9877149877149877,0.0,236,1.0,0.0,120,1.0,0.0,82,1.0,0.0,450,1.0,0.0,198,1.0,0.0,41,1.0,0.0,52,1.0,0.0,17,1.0,0.0,173,1.0,0.0,70,1.0,0.0,357,1.0,0.0,87,1.0,0.0
random,wacatac,1,attacked,2020-02,7972,3309,0.9432568550643536,0.9031290184312044,0.9871164207074257,196,0.9846938775510204,0.6275510204081632,247,1.0,0.9757085020242915,196,0.9846938775510204,0.6275510204081632,413,1.0,0.44794188861985473,178,1.0,0.15730337078651685,407,0.9975429975429976,0.8992628992628993,321,1.0,0.9034267912772586,37,1.0,1.0,54,1.0,0.18518518518518517,23,1.0,0.9565217391304348,119,1.0,1.0,20,1.0,0.3,140,1.0,0.4142857142857143,233,1.0,0.7982832618025751,316,1.0,0.0,66,0.9696969696969697,0.25757575757575757
random,wacatac,1,attacked,2020-03,8567,3708,0.9856710393541877,0.9926829268292683,0.9787575150300601,199,0.9095477386934674,0.49748743718592964,258,0.9961240310077519,0.9418604651162791,199,0.9095477386934674,0.49748743718592964,328,1.0,0.8079268292682927,334,0.9970059880239521,0.6137724550898204,499,0.9899799599198397,0.9899799599198397,610,1.0,0.9934426229508196,195,1.0,1.0,260,1.0,0.7692307692307693,131,1.0,1.0,314,1.0,0.9968152866242038,20,1.0,0.75,69,1.0,0.5797101449275363,70,1.0,0.6857142857142857,44,1.0,0.0,55,0.9818181818181818,0.45454545454545453
random,wacatac,1,attacked,2020-04,9841,4136,0.9874772556994541,0.9808632787582394,0.9941810344827586,252,0.9920634920634921,0.8214285714285714,274,1.0,1.0,252,0.9920634920634921,0.8214285714285714,705,1.0,0.8695035460992908,119,1.0,0.7815126050420168,312,1.0,0.9967948717948718,356,1.0,1.0,209,1.0,1.0,304,1.0,0.8322368421052632,190,1.0,1.0,94,1.0,1.0,75,1.0,0.9066666666666666,84,1.0,0.8452380952380952,32,1.0,0.1875,7,nan,nan,52,1.0,0.46153846153846156
random,wacatac,1,attacked,2020-05,11570,4628,0.9930920143686102,0.9968565088757396,0.9893558451091944,270,0.9444444444444444,0.737037037037037,932,1.0,0.9989270386266095,270,0.9444444444444444,0.737037037037037,355,0.9971830985915493,0.9352112676056338,109,1.0,0.944954128440367,82,1.0,1.0,276,1.0,1.0,192,1.0,1.0,93,1.0,0.8172043010752689,569,1.0,1.0,18,1.0,1.0,81,1.0,1.0,58,1.0,0.8103448275862069,181,1.0,0.03867403314917127,10,1.0,0.5,66,1.0,0.9696969696969697
random,wacatac,1,attacked,2020-06,12399,5206,0.9925293489861259,0.9926470588235294,0.9924116670618923,199,0.9396984924623115,0.4371859296482412,1559,1.0,1.0,199,0.9396984924623115,0.4371859296482412,99,1.0,0.9797979797979798,219,0.9954337899543378,0.9726027397260274,269,1.0,1.0,30,1.0,1.0,2,nan,nan,47,1.0,0.9148936170212766,338,1.0,0.9970414201183432,145,1.0,1.0,13,1.0,1.0,21,1.0,0.8571428571428571,139,1.0,0.6187050359712231,0,nan,nan,32,0.96875,0.75
random,wacatac,1,attacked,2020-07,11387,5826,0.9938798033510585,0.9961786001609011,0.9915915915915916,148,0.9594594594594594,0.8445945945945946,697,1.0,0.9813486370157819,148,0.9594594594594594,0.8445945945945946,73,1.0,0.8767123287671232,531,1.0,1.0,201,1.0,1.0,45,1.0,1.0,20,1.0,1.0,148,1.0,0.9054054054054054,74,1.0,1.0,205,1.0,1.0,262,1.0,0.8664122137404581,52,1.0,0.75,72,1.0,0.5277777777777778,0,nan,nan,51,1.0,0.27450980392156865
random,wacatac,1,attacked,2020-08,6337,6395,0.9963321980613047,0.997900813434794,0.9947685064085796,46,1.0,0.5652173913043478,166,1.0,1.0,46,1.0,0.5652173913043478,75,1.0,0.7466666666666667,723,1.0,0.9986168741355463,381,1.0,1.0,73,1.0,1.0,120,1.0,1.0,82,1.0,0.9512195121951219,10,1.0,1.0,234,1.0,1.0,334,1.0,0.8922155688622755,18,1.0,0.7777777777777778,65,1.0,0.4461538461538462,1,nan,nan,91,1.0,0.6813186813186813
random,wacatac,1,attacked,2020-09,8775,6712,0.9943082311733801,0.9962711120859837,0.9923530696963077,73,0.9452054794520548,0.7808219178082192,278,1.0,0.9856115107913669,73,0.9452054794520548,0.7808219178082192,62,1.0,0.9354838709677419,704,1.0,1.0,230,1.0,0.9956521739130435,247,1.0,1.0,158,1.0,1.0,117,1.0,0.9829059829059829,14,1.0,1.0,129,1.0,1.0,218,1.0,0.9495412844036697,22,1.0,0.9545454545454546,116,1.0,0.4051724137931034,1,nan,nan,88,1.0,0.7613636363636364
random,sfone,1,clean,2019-09,7524,844,0.9345664739884393,0.8808019176291131,0.9953213494213248,40,1.0,1.0,40,1.0,1.0,391,0.9974424552429667,0.9872122762148338,357,1.0,1.0,130,0.9615384615384616,0.9846153846153847,252,1.0,1.0,66,1.0,1.0,243,1.0,1.0,46,1.0,1.0,74,1.0,1.0,88,1.0,1.0,56,1.0,1.0,140,1.0,1.0,15,0.9333333333333333,1.0,5,nan,nan,116,1.0,1.0
random,sfone,1,clean,2019-10,8474,1220,0.9750243269542653,0.9593617021276596,0.9912068586502528,63,1.0,1.0,63,1.0,1.0,385,0.9974025974025974,0.9974025974025974,508,1.0,1.0,91,1.0,1.0,290,1.0,1.0,37,1.0,1.0,185,1.0,1.0,75,1.0,1.0,161,1.0,1.0,78,1.0,1.0,31,1.0,1.0,139,1.0,0.9928057553956835,28,1.0,1.0,47,1.0,1.0,126,1.0,1.0
random,sfone,1,clean,2019-11,6212,1644,0.9742075211655837,0.9570599613152805,0.991980753809142,10,1.0,1.0,10,1.0,1.0,664,0.9984939759036144,0.9984939759036144,145,1.0,1.0,60,1.0,1.0,127,1.0,1.0,15,1.0,1.0,92,1.0,1.0,140,1.0,1.0,83,1.0,1.0,30,1.0,1.0,18,1.0,1.0,50,1.0,1.0,15,1.0,1.0,97,1.0,1.0,56,1.0,1.0
random,sfone,1,clean,2019-12,10159,1955,0.9754854368932039,0.9566769816710307,0.9950482792770488,81,1.0,1.0,81,1.0,1.0,1288,1.0,1.0,277,1.0,1.0,217,1.0,1.0,141,1.0,1.0,56,1.0,1.0,128,1.0,1.0,371,1.0,1.0,40,1.0,1.0,92,1.0,1.0,10,1.0,1.0,109,1.0,1.0,32,1.0,1.0,165,1.0,1.0,64,1.0,1.0
random,sfone,1,clean,2020-01,10436,2463,0.9129330488672153,0.8424901556347272,0.996230598669623,112,1.0,1.0,112,1.0,1.0,522,0.9942528735632183,0.9923371647509579,407,0.9901719901719902,0.9901719901719902,236,1.0,1.0,120,1.0,1.0,82,1.0,1.0,450,1.0,1.0,198,1.0,1.0,41,1.0,1.0,52,1.0,1.0,17,1.0,1.0,173,1.0,1.0,70,1.0,1.0,357,1.0,1.0,87,1.0,1.0
random,sfone,1,clean,2020-02,7972,2985,0.9398579671549046,0.8928947923255324,0.9920356055282268,247,1.0,1.0,247,1.0,1.0,196,0.9897959183673469,0.9846938775510204,413,0.9975786924939467,0.9975786924939467,178,1.0,1.0,407,1.0,1.0,321,1.0,1.0,37,1.0,1.0,54,1.0,1.0,23,1.0,1.0,119,1.0,1.0,20,1.0,1.0,140,1.0,1.0,233,1.0,1.0,316,1.0,1.0,66,0.9696969696969697,0.9696969696969697
random,sfone,1,clean,2020-03,8567,3384,0.9827707808564232,0.9882472137791287,0.9773547094188377,258,1.0,1.0,258,1.0,1.0,199,0.9045226130653267,0.9045226130653267,328,0.9939024390243902,0.9939024390243902,334,0.9970059880239521,1.0,499,0.9899799599198397,0.9899799599198397,610,1.0,1.0,195,1.0,1.0,260,1.0,1.0,131,1.0,1.0,314,1.0,1.0,20,1.0,1.0,69,1.0,1.0,70,1.0,1.0,44,1.0,1.0,55,0.9818181818181818,0.9818181818181818
random,sfone,1,clean,2020-04,9841,3812,0.9873715753424658,0.9806547619047619,0.9941810344827586,274,1.0,1.0,274,1.0,1.0,252,0.9880952380952381,0.9920634920634921,705,0.9929078014184397,0.9929078014184397,119,1.0,1.0,312,1.0,1.0,356,1.0,1.0,209,1.0,1.0,304,1.0,1.0,190,1.0,1.0,94,1.0,1.0,75,1.0,1.0,84,1.0,1.0,32,1.0,1.0,7,nan,nan,52,1.0,1.0
random,sfone,1,clean,2020-05,11570,4304,0.9922737306843267,0.9946524064171123,0.9899064048449256,932,1.0,1.0,932,1.0,1.0,270,0.9555555555555556,0.9555555555555556,355,0.9943661971830986,0.9915492957746479,109,1.0,1.0,82,1.0,1.0,276,1.0,1.0,192,1.0,1.0,93,1.0,1.0,569,1.0,1.0,18,1.0,1.0,81,1.0,1.0,58,1.0,1.0,181,1.0,1.0,10,1.0,1.0,66,1.0,1.0
random,sfone,1,clean,2020-06,12399,4882,0.9927887457146235,0.9898632720414898,0.9957315627223144,1559,1.0,1.0,1559,1.0,1.0,199,0.9748743718592965,0.9748743718592965,99,0.9797979797979798,0.9797979797979798,219,1.0,1.0,269,1.0,1.0,30,1.0,1.0,2,nan,nan,47,1.0,1.0,338,0.9970414201183432,0.9970414201183432,145,1.0,1.0,13,1.0,1.0,21,1.0,1.0,139,1.0,1.0,0,nan,nan,32,0.96875,0.96875
random,sfone,1,clean,2020-07,11387,5502,0.9927913496195434,0.9929901862607651,0.9925925925925926,697,1.0,1.0,697,1.0,1.0,148,0.9797297297297297,0.9864864864864865,73,1.0,1.0,531,1.0,1.0,201,1.0,1.0,45,1.0,1.0,20,1.0,1.0,148,1.0,1.0,74,1.0,1.0,205,1.0,1.0,262,1.0,1.0,52,1.0,1.0,72,1.0,1.0,0,nan,nan,51,1.0,1.0
random,sfone,1,clean,2020-08,6337,6071,0.9962026973942648,0.9973780807551127,0.9950300810881507,166,1.0,1.0,166,1.0,1.0,46,0.9782608695652174,1.0,75,1.0,1.0,723,1.0,1.0,381,1.0,1.0,73,1.0,1.0,120,1.0,1.0,82,1.0,1.0,10,1.0,1.0,234,1.0,1.0,334,1.0,1.0,18,1.0,1.0,65,1.0,1.0,1,nan,nan,91,1.0,1.0
random,sfone,1,clean,2020-09,8775,6388,0.9933209241213183,0.9956101843722563,0.9910421673585318,278,1.0,1.0,278,1.0,1.0,73,0.9452054794520548,0.9452054794520548,62,1.0,1.0,704,1.0,1.0,230,1.0,1.0,247,1.0,1.0,158,1.0,1.0,117,1.0,1.0,14,1.0,1.0,129,1.0,1.0,218,1.0,1.0,22,1.0,1.0,116,1.0,1.0,1,nan,nan,88,1.0,1.0
random,sfone,1,attacked,2019-09,7524,844,0.9345664739884393,0.8808019176291131,0.9953213494213248,40,1.0,1.0,40,1.0,1.0,391,0.9974424552429667,0.9872122762148338,357,1.0,1.0,130,0.9615384615384616,0.9846153846153847,252,1.0,1.0,66,1.0,1.0,243,1.0,1.0,46,1.0,1.0,74,1.0,1.0,88,1.0,1.0,56,1.0,1.0,140,1.0,1.0,15,0.9333333333333333,1.0,5,nan,nan,116,1.0,1.0
random,sfone,1,attacked,2019-10,8474,1295,0.9730081300813008,0.9597946963216424,0.9865904594416355,63,1.0,0.1111111111111111,63,1.0,0.1111111111111111,385,0.9974025974025974,0.2883116883116883,508,0.9803149606299213,0.13188976377952755,91,1.0,0.07692307692307693,290,1.0,0.0,37,1.0,0.0,185,1.0,0.8702702702702703,75,1.0,0.10666666666666667,161,1.0,0.0,78,1.0,0.0,31,1.0,0.0,139,1.0,0.2014388489208633,28,1.0,0.0,47,1.0,0.0425531914893617,126,1.0,0.0
random,sfone,1,attacked,2019-11,6212,1804,0.9534077782056218,0.917037037037037,0.9927826784282278,10,1.0,0.0,10,1.0,0.0,664,0.9984939759036144,0.0,145,0.993103448275862,0.0,60,1.0,0.0,127,1.0,0.0,15,1.0,0.0,92,1.0,0.0,140,1.0,0.0,83,1.0,0.0,30,1.0,0.0,18,1.0,0.0,50,1.0,0.02,15,1.0,0.0,97,1.0,0.0,56,1.0,0.0
random,sfone,1,attacked,2019-12,10159,2177,0.963265306122449,0.9349801910976462,0.9933151770240158,81,1.0,0.0,81,1.0,0.0,1288,1.0,0.0,277,0.9819494584837545,0.0,217,1.0,0.0,141,1.0,0.0,56,1.0,0.0,128,1.0,0.0,371,1.0,0.0,40,1.0,0.0,92,1.0,0.0,10,1.0,0.0,109,1.0,0.0,32,1.0,0.0,165,1.0,0.0,64,1.0,0.0
random,sfone,1,attacked,2020-01,10436,2787,0.9294812053432743,0.8719642510200116,0.9951219512195122,112,1.0,0.0,112,1.0,0.0,522,0.9923371647509579,0.0,407,0.9877149877149877,0.0,236,1.0,0.0,120,1.0,0.0,82,1.0,0.0,450,1.0,0.0,198,1.0,0.0,41,1.0,0.0,52,1.0,0.0,17,1.0,0.0,173,1.0,0.0,70,1.0,0.0,357,1.0,0.0,87,1.0,0.0
random,sfone,1,attacked,2020-02,7972,3309,0.9432568550643536,0.9031290184312044,0.9871164207074257,247,1.0,0.9757085020242915,247,1.0,0.9757085020242915,196,0.9846938775510204,0.6275510204081632,413,1.0,0.44794188861985473,178,1.0,0.15730337078651685,407,0.9975429975429976,0.8992628992628993,321,1.0,0.9034267912772586,37,1.0,1.0,54,1.0,0.18518518518518517,23,1.0,0.9565217391304348,119,1.0,1.0,20,1.0,0.3,140,1.0,0.4142857142857143,233,1.0,0.7982832618025751,316,1.0,0.0,66,0.9696969696969697,0.25757575757575757
random,sfone,1,attacked,2020-03,8567,3708,0.9856710393541877,0.9926829268292683,0.9787575150300601,258,0.9961240310077519,0.9418604651162791,258,0.9961240310077519,0.9418604651162791,199,0.9095477386934674,0.49748743718592964,328,1.0,0.8079268292682927,334,0.9970059880239521,0.6137724550898204,499,0.9899799599198397,0.9899799599198397,610,1.0,0.9934426229508196,195,1.0,1.0,260,1.0,0.7692307692307693,131,1.0,1.0,314,1.0,0.9968152866242038,20,1.0,0.75,69,1.0,0.5797101449275363,70,1.0,0.6857142857142857,44,1.0,0.0,55,0.9818181818181818,0.45454545454545453
random,sfone,1,attacked,2020-04,9841,4136,0.9874772556994541,0.9808632787582394,0.9941810344827586,274,1.0,1.0,274,1.0,1.0,252,0.9920634920634921,0.8214285714285714,705,1.0,0.8695035460992908,119,1.0,0.7815126050420168,312,1.0,0.9967948717948718,356,1.0,1.0,209,1.0,1.0,304,1.0,0.8322368421052632,190,1.0,1.0,94,1.0,1.0,75,1.0,0.9066666666666666,84,1.0,0.8452380952380952,32,1.0,0.1875,7,nan,nan,52,1.0,0.46153846153846156
random,sfone,1,attacked,2020-05,11570,4628,0.9930920143686102,0.9968565088757396,0.9893558451091944,932,1.0,0.9989270386266095,932,1.0,0.9989270386266095,270,0.9444444444444444,0.737037037037037,355,0.9971830985915493,0.9352112676056338,109,1.0,0.944954128440367,82,1.0,1.0,276,1.0,1.0,192,1.0,1.0,93,1.0,0.8172043010752689,569,1.0,1.0,18,1.0,1.0,81,1.0,1.0,58,1.0,0.8103448275862069,181,1.0,0.03867403314917127,10,1.0,0.5,66,1.0,0.9696969696969697
random,sfone,1,attacked,2020-06,12399,5206,0.9925293489861259,0.9926470588235294,0.9924116670618923,1559,1.0,1.0,1559,1.0,1.0,199,0.9396984924623115,0.4371859296482412,99,1.0,0.9797979797979798,219,0.9954337899543378,0.9726027397260274,269,1.0,1.0,30,1.0,1.0,2,nan,nan,47,1.0,0.9148936170212766,338,1.0,0.9970414201183432,145,1.0,1.0,13,1.0,1.0,21,1.0,0.8571428571428571,139,1.0,0.6187050359712231,0,nan,nan,32,0.96875,0.75
random,sfone,1,attacked,2020-07,11387,5826,0.9938798033510585,0.9961786001609011,0.9915915915915916,697,1.0,0.9813486370157819,697,1.0,0.9813486370157819,148,0.9594594594594594,0.8445945945945946,73,1.0,0.8767123287671232,531,1.0,1.0,201,1.0,1.0,45,1.0,1.0,20,1.0,1.0,148,1.0,0.9054054054054054,74,1.0,1.0,205,1.0,1.0,262,1.0,0.8664122137404581,52,1.0,0.75,72,1.0,0.5277777777777778,0,nan,nan,51,1.0,0.27450980392156865
random,sfone,1,attacked,2020-08,6337,6395,0.9963321980613047,0.997900813434794,0.9947685064085796,166,1.0,1.0,166,1.0,1.0,46,1.0,0.5652173913043478,75,1.0,0.7466666666666667,723,1.0,0.9986168741355463,381,1.0,1.0,73,1.0,1.0,120,1.0,1.0,82,1.0,0.9512195121951219,10,1.0,1.0,234,1.0,1.0,334,1.0,0.8922155688622755,18,1.0,0.7777777777777778,65,1.0,0.4461538461538462,1,nan,nan,91,1.0,0.6813186813186813
random,sfone,1,attacked,2020-09,8775,6712,0.9943082311733801,0.9962711120859837,0.9923530696963077,278,1.0,0.9856115107913669,278,1.0,0.9856115107913669,73,0.9452054794520548,0.7808219178082192,62,1.0,0.9354838709677419,704,1.0,1.0,230,1.0,0.9956521739130435,247,1.0,1.0,158,1.0,1.0,117,1.0,0.9829059829059829,14,1.0,1.0,129,1.0,1.0,218,1.0,0.9495412844036697,22,1.0,0.9545454545454546,116,1.0,0.4051724137931034,1,nan,nan,88,1.0,0.7613636363636364
uncertainty,wacatac,1,clean,2019-09,7524,844,0.9345664739884393,0.8808019176291131,0.9953213494213248,391,0.9974424552429667,0.9872122762148338,40,1.0,1.0,391,0.9974424552429667,0.9872122762148338,357,1.0,1.0,130,0.9615384615384616,0.9846153846153847,252,1.0,1.0,66,1.0,1.0,243,1.0,1.0,46,1.0,1.0,74,1.0,1.0,88,1.0,1.0,56,1.0,1.0,140,1.0,1.0,15,0.9333333333333333,1.0,5,nan,nan,116,1.0,1.0
uncertainty,wacatac,1,clean,2019-10,8474,1220,0.9767948578276501,0.9682505399568034,0.9854913167729171,385,0.9948051948051948,0.9896103896103896,63,1.0,1.0,385,0.9948051948051948,0.9896103896103896,508,0.9803149606299213,0.9803149606299213,91,1.0,1.0,290,1.0,1.0,37,1.0,1.0,185,1.0,1.0,75,1.0,1.0,161,1.0,1.0,78,1.0,1.0,31,1.0,1.0,139,1.0,1.0,28,1.0,1.0,47,1.0,1.0,126,1.0,0.9920634920634921
uncertainty,wacatac,1,clean,2019-11,6212,1644,0.9894148192530458,0.9856744926382809,0.9931836407377707,664,0.9984939759036144,0.9984939759036144,10,1.0,1.0,664,0.9984939759036144,0.9984939759036144,145,1.0,1.0,60,1.0,1.0,127,1.0,1.0,15,1.0,1.0,92,1.0,1.0,140,1.0,1.0,83,1.0,1.0,30,1.0,1.0,18,1.0,1.0,50,1.0,1.0,15,1.0,1.0,97,1.0,1.0,56,1.0,1.0
uncertainty,wacatac,1,clean,2019-12,10159,1955,0.9886699507389163,0.9835824552805685,0.9938103490963109,1288,1.0,1.0,81,1.0,1.0,1288,1.0,1.0,277,1.0,1.0,217,1.0,1.0,141,1.0,1.0,56,1.0,1.0,128,1.0,1.0,371,1.0,1.0,40,1.0,1.0,92,1.0,1.0,10,1.0,1.0,109,1.0,1.0,32,1.0,1.0,165,1.0,1.0,64,1.0,1.0
uncertainty,wacatac,1,clean,2020-01,10436,2463,0.9706263498920087,0.9461052631578948,0.9964523281596452,522,0.9923371647509579,0.9904214559386973,112,1.0,1.0,522,0.9923371647509579,0.9904214559386973,407,0.9975429975429976,0.9926289926289926,236,1.0,1.0,120,1.0,1.0,82,1.0,1.0,450,1.0,1.0,198,1.0,1.0,41,1.0,1.0,52,1.0,1.0,17,1.0,1.0,173,1.0,1.0,70,1.0,1.0,357,1.0,1.0,87,1.0,1.0
uncertainty,wacatac,1,clean,2020-02,7972,2985,0.97973917093619,0.9740680713128039,0.9854766924338253,196,0.9897959183673469,0.9540816326530612,247,1.0,1.0,196,0.9897959183673469,0.9540816326530612,413,1.0,1.0,178,1.0,1.0,407,0.9975429975429976,0.9975429975429976,321,1.0,1.0,37,1.0,1.0,54,1.0,1.0,23,1.0,1.0,119,1.0,1.0,20,1.0,1.0,140,1.0,1.0,233,1.0,1.0,316,1.0,0.9936708860759493,66,0.9696969696969697,0.9696969696969697
uncertainty,wacatac,1,clean,2020-03,8567,3384,0.9868073878627969,0.9995888157894737,0.9743486973947896,199,0.8743718592964824,0.8592964824120602,258,1.0,1.0,199,0.8743718592964824,0.8592964824120602,328,0.9969512195121951,0.9969512195121951,334,1.0,1.0,499,0.9899799599198397,0.9899799599198397,610,0.9983606557377049,0.9983606557377049,195,1.0,1.0,260,1.0,0.9807692307692307,131,1.0,1.0,314,0.9968152866242038,0.9968152866242038,20,1.0,0.95,69,1.0,1.0,70,1.0,1.0,44,1.0,1.0,55,0.9818181818181818,0.9818181818181818
uncertainty,wacatac,1,clean,2020-04,9841,3812,0.9955632507304404,0.9997826559443599,0.9913793103448276,252,0.9722222222222222,0.9603174603174603,274,1.0,1.0,252,0.9722222222222222,0.9603174603174603,705,0.9971631205673759,0.9971631205673759,119,1.0,1.0,312,1.0,1.0,356,1.0,1.0,209,1.0,1.0,304,1.0,0.9967105263157895,190,1.0,1.0,94,1.0,1.0,75,1.0,1.0,84,1.0,1.0,32,1.0,1.0,7,nan,nan,52,1.0,1.0
uncertainty,wacatac,1,clean,2020-05,11570,4304,0.996133308782913,0.9994457786809533,0.9928427234354927,270,0.9666666666666667,0.9555555555555556,932,1.0,1.0,270,0.9666666666666667,0.9555555555555556,355,1.0,1.0,109,1.0,1.0,82,1.0,1.0,276,1.0,1.0,192,1.0,1.0,93,1.0,1.0,569,1.0,1.0,18,1.0,1.0,81,1.0,1.0,58,1.0,1.0,181,1.0,1.0,10,1.0,1.0,66,1.0,1.0
uncertainty,wacatac,1,clean,2020-06,12399,4882,0.9971496437054632,0.9988103735427076,0.9954944273179985,199,0.9748743718592965,0.9698492462311558,1559,1.0,1.0,199,0.9748743718592965,0.9698492462311558,99,1.0,1.0,219,1.0,1.0,269,1.0,1.0,30,1.0,1.0,2,nan,nan,47,1.0,1.0,338,1.0,1.0,145,1.0,1.0,13,1.0,1.0,21,1.0,1.0,139,1.0,1.0,0,nan,nan,32,0.96875,0.9375
uncertainty,wacatac,1,clean,2020-07,11387,5502,0.9966884094330155,0.999195171026157,0.9941941941941942,148,0.972972972972973,0.972972972972973,697,1.0,1.0,148,0.972972972972973,0.972972972972973,73,1.0,1.0,531,1.0,1.0,201,1.0,1.0,45,1.0,1.0,20,1.0,1.0,148,1.0,1.0,74,1.0,1.0,205,1.0,1.0,262,1.0,1.0,52,1.0,1.0,72,1.0,1.0,0,nan,nan,51,1.0,1.0
uncertainty,wacatac,1,clean,2020-08,6337,6071,0.9989528795811519,0.9997380141472361,0.9981689772430029,46,1.0,1.0,166,1.0,1.0,46,1.0,1.0,75,1.0,1.0,723,1.0,1.0,381,1.0,1.0,73,1.0,1.0,120,1.0,1.0,82,1.0,1.0,10,1.0,1.0,234,1.0,1.0,334,1.0,1.0,18,1.0,1.0,65,1.0,1.0,1,nan,nan,91,1.0,1.0
uncertainty,wacatac,1,clean,2020-09,8775,6388,0.9977016526212105,0.999561403508772,0.9958488092637099,73,0.9726027397260274,0.958904109589041,278,1.0,1.0,73,0.9726027397260274,0.958904109589041,62,1.0,1.0,704,1.0,1.0,230,1.0,1.0,247,1.0,1.0,158,1.0,1.0,117,1.0,1.0,14,1.0,1.0,129,1.0,1.0,218,1.0,1.0,22,1.0,1.0,116,1.0,1.0,1,nan,nan,88,1.0,1.0
uncertainty,wacatac,1,attacked,2019-09,7524,844,0.9345664739884393,0.8808019176291131,0.9953213494213248,391,0.9974424552429667,0.9872122762148338,40,1.0,1.0,391,0.9974424552429667,0.9872122762148338,357,1.0,1.0,130,0.9615384615384616,0.9846153846153847,252,1.0,1.0,66,1.0,1.0,243,1.0,1.0,46,1.0,1.0,74,1.0,1.0,88,1.0,1.0,56,1.0,1.0,140,1.0,1.0,15,0.9333333333333333,1.0,5,nan,nan,116,1.0,1.0
uncertainty,wacatac,1,attacked,2019-10,8474,1295,0.9765360689730438,0.9696575639358475,0.983512859969224,385,0.9922077922077922,0.6285714285714286,63,1.0,0.9841269841269841,385,0.9922077922077922,0.6285714285714286,508,0.9803149606299213,0.8996062992125984,91,1.0,0.9010989010989011,290,1.0,0.9379310344827586,37,1.0,0.972972972972973,185,1.0,1.0,75,1.0,0.7733333333333333,161,1.0,1.0,78,1.0,0.9615384615384616,31,1.0,0.6129032258064516,139,1.0,0.8057553956834532,28,1.0,0.42857142857142855,47,1.0,0.723404255319149,126,1.0,0.3253968253968254
uncertainty,wacatac,1,attacked,2019-11,6212,1804,0.9903884661593912,0.9892,0.9915797914995991,664,0.9984939759036144,0.7349397590361446,10,1.0,0.6,664,0.9984939759036144,0.7349397590361446,145,1.0,0.6344827586206897,60,1.0,0.31666666666666665,127,1.0,0.6377952755905512,15,1.0,0.26666666666666666,92,1.0,1.0,140,1.0,0.014285714285714285,83,1.0,0.7228915662650602,30,1.0,0.9666666666666667,18,1.0,0.3333333333333333,50,1.0,0.38,15,1.0,0.13333333333333333,97,1.0,0.0,56,1.0,0.05357142857142857
uncertainty,wacatac,1,attacked,2019-12,10159,2177,0.9889135254988913,0.9840647217455258,0.9938103490963109,1288,1.0,0.9596273291925466,81,1.0,1.0,1288,1.0,0.9596273291925466,277,1.0,0.9025270758122743,217,1.0,0.25806451612903225,141,1.0,0.8368794326241135,56,1.0,1.0,128,1.0,1.0,371,1.0,0.555256064690027,40,1.0,1.0,92,1.0,1.0,10,1.0,0.7,109,1.0,0.6605504587155964,32,1.0,0.71875,165,1.0,0.8545454545454545,64,1.0,0.125
uncertainty,wacatac,1,attacked,2020-01,10436,2787,0.9713420568833135,0.948068397720076,0.9957871396895787,522,0.9923371647509579,0.8524904214559387,112,1.0,1.0,522,0.9923371647509579,0.8524904214559387,407,0.9975429975429976,0.7764127764127764,236,1.0,0.5508474576271186,120,1.0,0.975,82,1.0,0.7926829268292683,450,1.0,0.9977777777777778,198,1.0,0.3434343434343434,41,1.0,0.9512195121951219,52,1.0,1.0,17,1.0,0.47058823529411764,173,1.0,0.4913294797687861,70,1.0,0.6,357,1.0,0.0,87,1.0,0.0
uncertainty,wacatac,1,attacked,2020-02,7972,3309,0.9784407411723576,0.9735621521335807,0.9833684703677676,196,0.9846938775510204,0.7806122448979592,247,1.0,0.9919028340080972,196,0.9846938775510204,0.7806122448979592,413,1.0,0.8256658595641646,178,1.0,0.7865168539325843,407,0.9975429975429976,0.9852579852579852,321,1.0,0.9719626168224299,37,1.0,1.0,54,1.0,0.7962962962962963,23,1.0,1.0,119,1.0,0.9915966386554622,20,1.0,0.4,140,1.0,0.6714285714285714,233,1.0,0.9570815450643777,316,1.0,0.0,66,0.9696969696969697,0.8636363636363636
uncertainty,wacatac,1,attacked,2020-03,8567,3708,0.9859012070189674,0.9981515711645101,0.9739478957915831,199,0.8693467336683417,0.6180904522613065,258,1.0,0.9612403100775194,199,0.8693467336683417,0.6180904522613065,328,0.9969512195121951,0.8140243902439024,334,1.0,0.8922155688622755,499,0.9899799599198397,0.9579158316633266,610,0.9983606557377049,0.9934426229508196,195,1.0,1.0,260,1.0,0.7615384615384615,131,1.0,1.0,314,1.0,0.9968152866242038,20,1.0,0.65,69,1.0,0.7246376811594203,70,1.0,1.0,44,1.0,0.0,55,0.9818181818181818,0.5454545454545454
uncertainty,wacatac,1,attacked,2020-04,9841,4136,0.9957805907172996,0.9997827503801868,0.9918103448275862,252,0.9682539682539683,0.8968253968253969,274,1.0,1.0,252,0.9682539682539683,0.8968253968253969,705,0.9971631205673759,0.926241134751773,119,1.0,1.0,312,1.0,0.9775641025641025,356,1.0,1.0,209,1.0,1.0,304,1.0,0.9243421052631579,190,1.0,1.0,94,1.0,1.0,75,1.0,0.96,84,1.0,0.9285714285714286,32,1.0,1.0,7,nan,nan,52,1.0,0.5384615384615384
uncertainty,wacatac,1,attacked,2020-05,11570,4628,0.9959484346224677,0.9994455738310848,0.9924756836116718,270,0.9740740740740741,0.8666666666666667,932,1.0,0.9989270386266095,270,0.9740740740740741,0.8666666666666667,355,1.0,0.9859154929577465,109,1.0,1.0,82,1.0,1.0,276,1.0,1.0,192,1.0,1.0,93,1.0,0.956989247311828,569,1.0,1.0,18,1.0,1.0,81,1.0,1.0,58,1.0,1.0,181,1.0,1.0,10,1.0,0.7,66,1.0,0.8484848484848485
uncertainty,wacatac,1,attacked,2020-06,12399,5206,0.9961968148324222,0.9985704074338814,0.9938344794877876,199,0.9698492462311558,0.8592964824120602,1559,1.0,1.0,199,0.9698492462311558,0.8592964824120602,99,1.0,1.0,219,1.0,1.0,269,1.0,1.0,30,1.0,1.0,2,nan,nan,47,1.0,0.9574468085106383,338,1.0,0.9970414201183432,145,1.0,1.0,13,1.0,0.9230769230769231,21,1.0,1.0,139,1.0,1.0,0,nan,nan,32,0.96875,0.875
uncertainty,wacatac,1,attacked,2020-07,11387,5826,0.9969903691813804,0.9991956565453448,0.9947947947947948,148,0.9864864864864865,0.9527027027027027,697,1.0,1.0,148,0.9864864864864865,0.9527027027027027,73,1.0,1.0,531,1.0,1.0,201,1.0,1.0,45,1.0,1.0,20,1.0,1.0,148,1.0,0.9932432432432432,74,1.0,1.0,205,1.0,1.0,262,1.0,1.0,52,1.0,1.0,72,1.0,1.0,0,nan,nan,51,1.0,0.9607843137254902
uncertainty,wacatac,1,attacked,2020-08,6337,6395,0.9988221436984688,0.9994761655316919,0.9981689772430029,46,1.0,0.9782608695652174,166,1.0,1.0,46,1.0,0.9782608695652174,75,1.0,1.0,723,1.0,1.0,381,1.0,1.0,73,1.0,1.0,120,1.0,1.0,82,1.0,1.0,10,1.0,1.0,234,1.0,1.0,334,1.0,1.0,18,1.0,1.0,65,1.0,1.0,1,nan,nan,91,1.0,1.0
uncertainty,wacatac,1,attacked,2020-09,8775,6712,0.9977016526212105,0.999561403508772,0.9958488092637099,73,0.9726027397260274,0.9315068493150684,278,1.0,1.0,73,0.9726027397260274,0.9315068493150684,62,1.0,1.0,704,1.0,1.0,230,1.0,1.0,247,1.0,1.0,158,1.0,1.0,117,1.0,1.0,14,1.0,1.0,129,1.0,1.0,218,1.0,1.0,22,1.0,1.0,116,1.0,1.0,1,nan,nan,88,1.0,1.0
uncertainty,sfone,1,clean,2019-09,7524,844,0.9345664739884393,0.8808019176291131,0.9953213494213248,40,1.0,1.0,40,1.0,1.0,391,0.9974424552429667,0.9872122762148338,357,1.0,1.0,130,0.9615384615384616,0.9846153846153847,252,1.0,1.0,66,1.0,1.0,243,1.0,1.0,46,1.0,1.0,74,1.0,1.0,88,1.0,1.0,56,1.0,1.0,140,1.0,1.0,15,0.9333333333333333,1.0,5,nan,nan,116,1.0,1.0
uncertainty,sfone,1,clean,2019-10,8474,1220,0.9767948578276501,0.9682505399568034,0.9854913167729171,63,1.0,1.0,63,1.0,1.0,385,0.9948051948051948,0.9896103896103896,508,0.9803149606299213,0.9803149606299213,91,1.0,1.0,290,1.0,1.0,37,1.0,1.0,185,1.0,1.0,75,1.0,1.0,161,1.0,1.0,78,1.0,1.0,31,1.0,1.0,139,1.0,1.0,28,1.0,1.0,47,1.0,1.0,126,1.0,0.9920634920634921
uncertainty,sfone,1,clean,2019-11,6212,1644,0.9894148192530458,0.9856744926382809,0.9931836407377707,10,1.0,1.0,10,1.0,1.0,664,0.9984939759036144,0.9984939759036144,145,1.0,1.0,60,1.0,1.0,127,1.0,1.0,15,1.0,1.0,92,1.0,1.0,140,1.0,1.0,83,1.0,1.0,30,1.0,1.0,18,1.0,1.0,50,1.0,1.0,15,1.0,1.0,97,1.0,1.0,56,1.0,1.0
uncertainty,sfone,1,clean,2019-12,10159,1955,0.9886699507389163,0.9835824552805685,0.9938103490963109,81,1.0,1.0,81,1.0,1.0,1288,1.0,1.0,277,1.0,1.0,217,1.0,1.0,141,1.0,1.0,56,1.0,1.0,128,1.0,1.0,371,1.0,1.0,40,1.0,1.0,92,1.0,1.0,10,1.0,1.0,109,1.0,1.0,32,1.0,1.0,165,1.0,1.0,64,1.0,1.0
uncertainty,sfone,1,clean,2020-01,10436,2463,0.9706263498920087,0.9461052631578948,0.9964523281596452,112,1.0,1.0,112,1.0,1.0,522,0.9923371647509579,0.9904214559386973,407,0.9975429975429976,0.9926289926289926,236,1.0,1.0,120,1.0,1.0,82,1.0,1.0,450,1.0,1.0,198,1.0,1.0,41,1.0,1.0,52,1.0,1.0,17,1.0,1.0,173,1.0,1.0,70,1.0,1.0,357,1.0,1.0,87,1.0,1.0
uncertainty,sfone,1,clean,2020-02,7972,2985,0.97973917093619,0.9740680713128039,0.9854766924338253,247,1.0,1.0,247,1.0,1.0,196,0.9897959183673469,0.9540816326530612,413,1.0,1.0,178,1.0,1.0,407,0.9975429975429976,0.9975429975429976,321,1.0,1.0,37,1.0,1.0,54,1.0,1.0,23,1.0,1.0,119,1.0,1.0,20,1.0,1.0,140,1.0,1.0,233,1.0,1.0,316,1.0,0.9936708860759493,66,0.9696969696969697,0.9696969696969697
uncertainty,sfone,1,clean,2020-03,8567,3384,0.9868073878627969,0.9995888157894737,0.9743486973947896,258,1.0,1.0,258,1.0,1.0,199,0.8743718592964824,0.8592964824120602,328,0.9969512195121951,0.9969512195121951,334,1.0,1.0,499,0.9899799599198397,0.9899799599198397,610,0.9983606557377049,0.9983606557377049,195,1.0,1.0,260,1.0,0.9807692307692307,131,1.0,1.0,314,0.9968152866242038,0.9968152866242038,20,1.0,0.95,69,1.0,1.0,70,1.0,1.0,44,1.0,1.0,55,0.9818181818181818,0.9818181818181818
uncertainty,sfone,1,clean,2020-04,9841,3812,0.9955632507304404,0.9997826559443599,0.9913793103448276,274,1.0,1.0,274,1.0,1.0,252,0.9722222222222222,0.9603174603174603,705,0.9971631205673759,0.9971631205673759,119,1.0,1.0,312,1.0,1.0,356,1.0,1.0,209,1.0,1.0,304,1.0,0.9967105263157895,190,1.0,1.0,94,1.0,1.0,75,1.0,1.0,84,1.0,1.0,32,1.0,1.0,7,nan,nan,52,1.0,1.0
uncertainty,sfone,1,clean,2020-05,11570,4304,0.996133308782913,0.9994457786809533,0.9928427234354927,932,1.0,1.0,932,1.0,1.0,270,0.9666666666666667,0.9555555555555556,355,1.0,1.0,109,1.0,1.0,82,1.0,1.0,276,1.0,1.0,192,1.0,1.0,93,1.0,1.0,569,1.0,1.0,18,1.0,1.0,81,1.0,1.0,58,1.0,1.0,181,1.0,1.0,10,1.0,1.0,66,1.0,1.0
uncertainty,sfone,1,clean,2020-06,12399,4882,0.9971496437054632,0.9988103735427076,0.9954944273179985,1559,1.0,1.0,1559,1.0,1.0,199,0.9748743718592965,0.9698492462311558,99,1.0,1.0,219,1.0,1.0,269,1.0,1.0,30,1.0,1.0,2,nan,nan,47,1.0,1.0,338,1.0,1.0,145,1.0,1.0,13,1.0,1.0,21,1.0,1.0,139,1.0,1.0,0,nan,nan,32,0.96875,0.9375
uncertainty,sfone,1,clean,2020-07,11387,5502,0.9966884094330155,0.999195171026157,0.9941941941941942,697,1.0,1.0,697,1.0,1.0,148,0.972972972972973,0.972972972972973,73,1.0,1.0,531,1.0,1.0,201,1.0,1.0,45,1.0,1.0,20,1.0,1.0,148,1.0,1.0,74,1.0,1.0,205,1.0,1.0,262,1.0,1.0,52,1.0,1.0,72,1.0,1.0,0,nan,nan,51,1.0,1.0
uncertainty,sfone,1,clean,2020-08,6337,6071,0.9989528795811519,0.9997380141472361,0.9981689772430029,166,1.0,1.0,166,1.0,1.0,46,1.0,1.0,75,1.0,1.0,723,1.0,1.0,381,1.0,1.0,73,1.0,1.0,120,1.0,1.0,82,1.0,1.0,10,1.0,1.0,234,1.0,1.0,334,1.0,1.0,18,1.0,1.0,65,1.0,1.0,1,nan,nan,91,1.0,1.0
uncertainty,sfone,1,clean,2020-09,8775,6388,0.9977016526212105,0.999561403508772,0.9958488092637099,278,1.0,1.0,278,1.0,1.0,73,0.9726027397260274,0.958904109589041,62,1.0,1.0,704,1.0,1.0,230,1.0,1.0,247,1.0,1.0,158,1.0,1.0,117,1.0,1.0,14,1.0,1.0,129,1.0,1.0,218,1.0,1.0,22,1.0,1.0,116,1.0,1.0,1,nan,nan,88,1.0,1.0
uncertainty,sfone,1,attacked,2019-09,7524,844,0.9345664739884393,0.8808019176291131,0.9953213494213248,40,1.0,1.0,40,1.0,1.0,391,0.9974424552429667,0.9872122762148338,357,1.0,1.0,130,0.9615384615384616,0.9846153846153847,252,1.0,1.0,66,1.0,1.0,243,1.0,1.0,46,1.0,1.0,74,1.0,1.0,88,1.0,1.0,56,1.0,1.0,140,1.0,1.0,15,0.9333333333333333,1.0,5,nan,nan,116,1.0,1.0
uncertainty,sfone,1,attacked,2019-10,8474,1295,0.9765360689730438,0.9696575639358475,0.983512859969224,63,1.0,0.9841269841269841,63,1.0,0.9841269841269841,385,0.9922077922077922,0.6285714285714286,508,0.9803149606299213,0.8996062992125984,91,1.0,0.9010989010989011,290,1.0,0.9379310344827586,37,1.0,0.972972972972973,185,1.0,1.0,75,1.0,0.7733333333333333,161,1.0,1.0,78,1.0,0.9615384615384616,31,1.0,0.6129032258064516,139,1.0,0.8057553956834532,28,1.0,0.42857142857142855,47,1.0,0.723404255319149,126,1.0,0.3253968253968254
uncertainty,sfone,1,attacked,2019-11,6212,1804,0.9903884661593912,0.9892,0.9915797914995991,10,1.0,0.6,10,1.0,0.6,664,0.9984939759036144,0.7349397590361446,145,1.0,0.6344827586206897,60,1.0,0.31666666666666665,127,1.0,0.6377952755905512,15,1.0,0.26666666666666666,92,1.0,1.0,140,1.0,0.014285714285714285,83,1.0,0.7228915662650602,30,1.0,0.9666666666666667,18,1.0,0.3333333333333333,50,1.0,0.38,15,1.0,0.13333333333333333,97,1.0,0.0,56,1.0,0.05357142857142857
uncertainty,sfone,1,attacked,2019-12,10159,2177,0.9889135254988913,0.9840647217455258,0.9938103490963109,81,1.0,1.0,81,1.0,1.0,1288,1.0,0.9596273291925466,277,1.0,0.9025270758122743,217,1.0,0.25806451612903225,141,1.0,0.8368794326241135,56,1.0,1.0,128,1.0,1.0,371,1.0,0.555256064690027,40,1.0,1.0,92,1.0,1.0,10,1.0,0.7,109,1.0,0.6605504587155964,32,1.0,0.71875,165,1.0,0.8545454545454545,64,1.0,0.125
uncertainty,sfone,1,attacked,2020-01,10436,2787,0.9713420568833135,0.948068397720076,0.9957871396895787,112,1.0,1.0,112,1.0,1.0,522,0.9923371647509579,0.8524904214559387,407,0.9975429975429976,0.7764127764127764,236,1.0,0.5508474576271186,120,1.0,0.975,82,1.0,0.7926829268292683,450,1.0,0.9977777777777778,198,1.0,0.3434343434343434,41,1.0,0.9512195121951219,52,1.0,1.0,17,1.0,0.47058823529411764,173,1.0,0.4913294797687861,70,1.0,0.6,357,1.0,0.0,87,1.0,0.0
uncertainty,sfone,1,attacked,2020-02,7972,3309,0.9784407411723576,0.9735621521335807,0.9833684703677676,247,1.0,0.9919028340080972,247,1.0,0.9919028340080972,196,0.9846938775510204,0.7806122448979592,413,1.0,0.8256658595641646,178,1.0,0.7865168539325843,407,0.9975429975429976,0.9852579852579852,321,1.0,0.9719626168224299,37,1.0,1.0,54,1.0,0.7962962962962963,23,1.0,1.0,119,1.0,0.9915966386554622,20,1.0,0.4,140,1.0,0.6714285714285714,233,1.0,0.9570815450643777,316,1.0,0.0,66,0.9696969696969697,0.8636363636363636
uncertainty,sfone,1,attacked,2020-03,8567,3708,0.9859012070189674,0.9981515711645101,0.9739478957915831,258,1.0,0.9612403100775194,258,1.0,0.9612403100775194,199,0.8693467336683417,0.6180904522613065,328,0.9969512195121951,0.8140243902439024,334,1.0,0.8922155688622755,499,0.9899799599198397,0.9579158316633266,610,0.9983606557377049,0.9934426229508196,195,1.0,1.0,260,1.0,0.7615384615384615,131,1.0,1.0,314,1.0,0.9968152866242038,20,1.0,0.65,69,1.0,0.7246376811594203,70,1.0,1.0,44,1.0,0.0,55,0.9818181818181818,0.5454545454545454
uncertainty,sfone,1,attacked,2020-04,9841,4136,0.9957805907172996,0.9997827503801868,0.9918103448275862,274,1.0,1.0,274,1.0,1.0,252,0.9682539682539683,0.8968253968253969,705,0.9971631205673759,0.926241134751773,119,1.0,1.0,312,1.0,0.9775641025641025,356,1.0,1.0,209,1.0,1.0,304,1.0,0.9243421052631579,190,1.0,1.0,94,1.0,1.0,75,1.0,0.96,84,1.0,0.9285714285714286,32,1.0,1.0,7,nan,nan,52,1.0,0.5384615384615384
uncertainty,sfone,1,attacked,2020-05,11570,4628,0.9959484346224677,0.9994455738310848,0.9924756836116718,932,1.0,0.9989270386266095,932,1.0,0.9989270386266095,270,0.9740740740740741,0.8666666666666667,355,1.0,0.9859154929577465,109,1.0,1.0,82,1.0,1.0,276,1.0,1.0,192,1.0,1.0,93,1.0,0.956989247311828,569,1.0,1.0,18,1.0,1.0,81,1.0,1.0,58,1.0,1.0,181,1.0,1.0,10,1.0,0.7,66,1.0,0.8484848484848485
uncertainty,sfone,1,attacked,2020-06,12399,5206,0.9961968148324222,0.9985704074338814,0.9938344794877876,1559,1.0,1.0,1559,1.0,1.0,199,0.9698492462311558,0.8592964824120602,99,1.0,1.0,219,1.0,1.0,269,1.0,1.0,30,1.0,1.0,2,nan,nan,47,1.0,0.9574468085106383,338,1.0,0.9970414201183432,145,1.0,1.0,13,1.0,0.9230769230769231,21,1.0,1.0,139,1.0,1.0,0,nan,nan,32,0.96875,0.875
uncertainty,sfone,1,attacked,2020-07,11387,5826,0.9969903691813804,0.9991956565453448,0.9947947947947948,697,1.0,1.0,697,1.0,1.0,148,0.9864864864864865,0.9527027027027027,73,1.0,1.0,531,1.0,1.0,201,1.0,1.0,45,1.0,1.0,20,1.0,1.0,148,1.0,0.9932432432432432,74,1.0,1.0,205,1.0,1.0,262,1.0,1.0,52,1.0,1.0,72,1.0,1.0,0,nan,nan,51,1.0,0.9607843137254902
uncertainty,sfone,1,attacked,2020-08,6337,6395,0.9988221436984688,0.9994761655316919,0.9981689772430029,166,1.0,1.0,166,1.0,1.0,46,1.0,0.9782608695652174,75,1.0,1.0,723,1.0,1.0,381,1.0,1.0,73,1.0,1.0,120,1.0,1.0,82,1.0,1.0,10,1.0,1.0,234,1.0,1.0,334,1.0,1.0,18,1.0,1.0,65,1.0,1.0,1,nan,nan,91,1.0,1.0
uncertainty,sfone,1,attacked,2020-09,8775,6712,0.9977016526212105,0.999561403508772,0.9958488092637099,278,1.0,1.0,278,1.0,1.0,73,0.9726027397260274,0.9315068493150684,62,1.0,1.0,704,1.0,1.0,230,1.0,1.0,247,1.0,1.0,158,1.0,1.0,117,1.0,1.0,14,1.0,1.0,129,1.0,1.0,218,1.0,1.0,22,1.0,1.0,116,1.0,1.0,1,nan,nan,88,1.0,1.0
random,wacatac,2,clean,2019-09,7524,844,0.9345664739884393,0.8808019176291131,0.9953213494213248,391,0.9974424552429667,0.9872122762148338,40,1.0,1.0,391,0.9974424552429667,0.9872122762148338,357,1.0,1.0,130,0.9615384615384616,0.9846153846153847,252,1.0,1.0,66,1.0,1.0,243,1.0,1.0,46,1.0,1.0,74,1.0,1.0,88,1.0,1.0,56,1.0,1.0,140,1.0,1.0,15,0.9333333333333333,1.0,5,nan,nan,116,1.0,1.0
random,wacatac,2,clean,2019-10,8474,1220,0.9763012660967427,0.9614236999147485,0.9916465157177402,385,0.9922077922077922,0.9948051948051948,63,1.0,1.0,385,0.9922077922077922,0.9948051948051948,508,1.0,1.0,91,1.0,1.0,290,1.0,1.0,37,1.0,1.0,185,1.0,1.0,75,1.0,1.0,161,1.0,1.0,78,1.0,1.0,31,1.0,1.0,139,1.0,1.0,28,1.0,1.0,47,1.0,1.0,126,1.0,1.0
random,wacatac,2,clean,2019-11,6212,1644,0.9738343497934291,0.9559675550405562,0.9923817161186849,664,0.9984939759036144,0.9984939759036144,10,1.0,1.0,664,0.9984939759036144,0.9984939759036144,145,1.0,1.0,60,1.0,1.0,127,1.0,1.0,15,1.0,1.0,92,1.0,1.0,140,1.0,1.0,83,1.0,1.0,30,1.0,1.0,18,1.0,1.0,50,1.0,1.0,15,1.0,1.0,97,1.0,1.0,56,0.9821428571428571,0.9821428571428571
random,wacatac,2,clean,2019-12,10159,1955,0.9732153678342019,0.9532288698955366,0.9940579351324585,1288,1.0,1.0,81,1.0,1.0,1288,1.0,1.0,277,1.0,1.0,217,1.0,1.0,141,1.0,1.0,56,1.0,1.0,128,1.0,1.0,371,1.0,1.0,40,1.0,1.0,92,1.0,1.0,10,1.0,1.0,109,1.0,1.0,32,1.0,1.0,165,1.0,1.0,64,1.0,1.0
random,wacatac,2,clean,2020-01,10436,2463,0.9317827847575537,0.8761960554579183,0.99490022172949,522,0.9923371647509579,0.9923371647509579,112,1.0,1.0,522,0.9923371647509579,0.9923371647509579,407,0.995085995085995,0.995085995085995,236,1.0,1.0,120,1.0,1.0,82,1.0,1.0,450,1.0,1.0,198,1.0,1.0,41,1.0,1.0,52,1.0,1.0,17,1.0,1.0,173,1.0,1.0,70,1.0,1.0,357,1.0,1.0,87,1.0,1.0
random,wacatac,2,clean,2020-02,7972,2985,0.9414384324203964,0.8970931466157437,0.9903958772546264,196,0.9744897959183674,0.9693877551020408,247,1.0,1.0,196,0.9744897959183674,0.9693877551020408,413,1.0,1.0,178,1.0,1.0,407,0.9975429975429976,0.9975429975429976,321,1.0,1.0,37,1.0,1.0,54,1.0,1.0,23,1.0,1.0,119,1.0,1.0,20,1.0,1.0,140,1.0,1.0,233,1.0,1.0,316,1.0,1.0,66,0.9696969696969697,0.9696969696969697
random,wacatac,2,clean,2020-03,8567,3384,0.9903303787268332,0.9955447549615228,0.9851703406813628,199,0.9045226130653267,0.9045226130653267,258,1.0,1.0,199,0.9045226130653267,0.9045226130653267,328,0.9969512195121951,0.9969512195121951,334,1.0,1.0,499,0.9899799599198397,0.9899799599198397,610,1.0,1.0,195,1.0,1.0,260,1.0,1.0,131,1.0,1.0,314,1.0,1.0,20,1.0,1.0,69,1.0,1.0,70,1.0,1.0,44,1.0,1.0,55,0.9818181818181818,0.9818181818181818
random,wacatac,2,clean,2020-04,9841,3812,0.9826552462526766,0.9763829787234043,0.9890086206896552,252,0.9761904761904762,0.9841269841269841,274,1.0,1.0,252,0.9761904761904762,0.9841269841269841,705,0.9900709219858156,0.9900709219858156,119,1.0,1.0,312,1.0,1.0,356,1.0,1.0,209,1.0,1.0,304,1.0,1.0,190,1.0,1.0,94,1.0,1.0,75,1.0,1.0,84,1.0,1.0,32,1.0,1.0,7,nan,nan,52,1.0,1.0
random,wacatac,2,clean,2020-05,11570,4304,0.9899325759674887,0.9964670881368538,0.9834832079280602,270,0.9481481481481482,0.9481481481481482,932,1.0,1.0,270,0.9481481481481482,0.9481481481481482,355,1.0,0.9971830985915493,109,1.0,1.0,82,1.0,1.0,276,1.0,1.0,192,1.0,1.0,93,1.0,1.0,569,1.0,1.0,18,1.0,1.0,81,1.0,1.0,58,1.0,1.0,181,1.0,1.0,10,1.0,1.0,66,1.0,1.0
random,wacatac,2,clean,2020-06,12399,4882,0.9947780678851175,0.9957234497505346,0.9938344794877876,199,0.9798994974874372,0.9798994974874372,1559,1.0,1.0,199,0.9798994974874372,0.9798994974874372,99,1.0,1.0,219,1.0,1.0,269,1.0,1.0,30,1.0,1.0,2,nan,nan,47,1.0,1.0,338,0.9970414201183432,1.0,145,1.0,1.0,13,1.0,1.0,21,1.0,1.0,139,1.0,1.0,0,nan,nan,32,0.96875,0.96875
random,wacatac,2,clean,2020-07,11387,5502,0.9925687889134365,0.995768688293371,0.9893893893893894,148,0.9662162162162162,0.972972972972973,697,1.0,1.0,148,0.9662162162162162,0.972972972972973,73,1.0,1.0,531,1.0,1.0,201,1.0,1.0,45,1.0,1.0,20,1.0,1.0,148,1.0,1.0,74,1.0,1.0,205,1.0,1.0,262,1.0,1.0,52,1.0,1.0,72,1.0,1.0,0,nan,nan,51,1.0,1.0
random,wacatac,2,clean,2020-08,6337,6071,0.9964636542239685,0.9979013641133263,0.9950300810881507,46,1.0,1.0,166,1.0,1.0,46,1.0,1.0,75,1.0,1.0,723,1.0,1.0,381,1.0,1.0,73,1.0,1.0,120,1.0,1.0,82,1.0,1.0,10,1.0,1.0,234,1.0,1.0,334,1.0,1.0,18,1.0,1.0,65,1.0,1.0,1,nan,nan,91,1.0,1.0
random,wacatac,2,clean,2020-09,8775,6388,0.9938623410784744,0.9971409720694964,0.9906051999126065,73,0.9452054794520548,0.9315068493150684,278,1.0,1.0,73,0.9452054794520548,0.9315068493150684,62,1.0,1.0,704,1.0,1.0,230,1.0,1.0,247,1.0,1.0,158,1.0,1.0,117,1.0,1.0,14,1.0,1.0,129,1.0,1.0,218,1.0,1.0,22,1.0,1.0,116,1.0,1.0,1,nan,nan,88,1.0,1.0
random,wacatac,2,attacked,2019-09,7524,844,0.9345664739884393,0.8808019176291131,0.9953213494213248,391,0.9974424552429667,0.9872122762148338,40,1.0,1.0,391,0.9974424552429667,0.9872122762148338,357,1.0,1.0,130,0.9615384615384616,0.9846153846153847,252,1.0,1.0,66,1.0,1.0,243,1.0,1.0,46,1.0,1.0,74,1.0,1.0,88,1.0,1.0,56,1.0,1.0,140,1.0,1.0,15,0.9333333333333333,1.0,5,nan,nan,116,1.0,1.0
random,wacatac,2,attacked,2019-10,8474,1295,0.9776621123400564,0.9646907768029104,0.9909870301165091,385,0.9922077922077922,0.0,63,1.0,0.0,385,0.9922077922077922,0.0,508,1.0,0.0,91,1.0,0.0,290,1.0,0.0,37,1.0,0.0,185,1.0,0.0,75,1.0,0.0,161,1.0,0.0,78,1.0,0.0,31,1.0,0.0,139,1.0,0.0,28,1.0,0.0,47,1.0,0.0,126,1.0,0.0
random,wacatac,2,attacked,2019-11,6212,1804,0.9478927203065134,0.9075568598679383,0.991980753809142,664,0.9984939759036144,0.0,10,1.0,0.0,664,0.9984939759036144,0.0,145,1.0,0.020689655172413793,60,1.0,0.0,127,1.0,0.0,15,1.0,0.0,92,1.0,0.0,140,1.0,0.0,83,1.0,0.0,30,1.0,0.0,18,1.0,0.0,50,1.0,0.0,15,1.0,0.0,97,1.0,0.0,56,0.9821428571428571,0.0
random,wacatac,2,attacked,2019-12,10159,2177,0.9764105058365758,0.959378733572282,0.9940579351324585,1288,0.9992236024844721,0.0,81,1.0,0.0,1288,0.9992236024844721,0.0,277,0.9963898916967509,0.007220216606498195,217,1.0,0.0,141,1.0,0.0,56,1.0,0.0,128,1.0,0.0,371,1.0,0.0,40,1.0,0.0,92,1.0,0.0,10,1.0,0.0,109,1.0,0.01834862385321101,32,1.0,0.0,165,1.0,0.0,64,1.0,0.0
random,wacatac,2,attacked,2020-01,10436,2787,0.9249459487285082,0.8633480684220642,0.9960088691796009,522,0.9904214559386973,0.0,112,1.0,0.0,522,0.9904214559386973,0.0,407,0.995085995085995,0.002457002457002457,236,1.0,0.0,120,1.0,0.0,82,1.0,0.0,450,1.0,0.0,198,1.0,0.0,41,1.0,0.0,52,1.0,0.0,17,1.0,0.0,173,1.0,0.011560693641618497,70,1.0,0.0,357,1.0,0.0,87,1.0,0.0
random,wacatac,2,attacked,2020-02,7972,3309,0.9320044296788483,0.8838479311069103,0.9857109393300538,196,0.9846938775510204,0.015306122448979591,247,1.0,0.04048582995951417,196,0.9846938775510204,0.015306122448979591,413,1.0,0.01694915254237288,178,1.0,0.0,407,1.0,0.014742014742014743,321,1.0,0.7881619937694704,37,1.0,0.6216216216216216,54,1.0,0.0,23,1.0,0.30434782608695654,119,1.0,0.17647058823529413,20,1.0,0.0,140,1.0,0.05,233,1.0,0.0,316,1.0,0.0,66,0.9696969696969697,0.0
random,wacatac,2,attacked,2020-03,8567,3708,0.9851919008763977,0.9904800486125177,0.9799599198396793,199,0.9045226130653267,0.15577889447236182,258,1.0,0.7751937984496124,199,0.9045226130653267,0.15577889447236182,328,1.0,0.4024390243902439,334,0.9970059880239521,0.038922155688622756,499,0.9899799599198397,0.9498997995991983,610,1.0,0.921311475409836,195,1.0,0.9897435897435898,260,1.0,0.046153846153846156,131,1.0,1.0,314,1.0,0.9936305732484076,20,1.0,0.15,69,1.0,0.3333333333333333,70,1.0,0.6857142857142857,44,1.0,0.022727272727272728,55,0.9818181818181818,0.0
random,wacatac,2,attacked,2020-04,9841,4136,0.9927840603123317,0.9922497308934338,0.9933189655172414,252,0.9920634920634921,0.49206349206349204,274,1.0,0.0,252,0.9920634920634921,0.49206349206349204,705,0.9971631205673759,0.20709219858156028,119,1.0,0.0,312,1.0,0.0,356,1.0,0.37359550561797755,209,1.0,0.9473684210526315,304,1.0,0.08223684210526316,190,1.0,0.9421052631578948,94,1.0,0.0,75,1.0,0.013333333333333334,84,1.0,0.20238095238095238,32,1.0,0.0,7,nan,nan,52,1.0,0.0
random,wacatac,2,attacked,2020-05,11570,4628,0.9908730524569005,0.9955539088551315,0.9862360066067168,270,0.9592592592592593,0.562962962962963,932,1.0,0.9946351931330472,270,0.9592592592592593,0.562962962962963,355,0.9915492957746479,0.8422535211267606,109,1.0,0.5045871559633027,82,1.0,0.975609756097561,276,1.0,0.855072463768116,192,1.0,1.0,93,1.0,0.6021505376344086,569,1.0,1.0,18,1.0,1.0,81,1.0,0.9012345679012346,58,1.0,0.6206896551724138,181,1.0,0.09392265193370165,10,1.0,0.1,66,1.0,0.4393939393939394
random,wacatac,2,attacked,2020-06,12399,5206,0.9937091988130564,0.9947718631178707,0.9926488024662082,199,0.9698492462311558,0.35678391959798994,1559,1.0,1.0,199,0.9698492462311558,0.35678391959798994,99,1.0,0.9494949494949495,219,1.0,0.7853881278538812,269,1.0,1.0,30,1.0,0.8333333333333334,2,nan,nan,47,1.0,0.8085106382978723,338,0.9970414201183432,0.9970414201183432,145,1.0,1.0,13,1.0,1.0,21,1.0,0.5714285714285714,139,1.0,0.5467625899280576,0,nan,nan,32,0.96875,0.84375
random,wacatac,2,attacked,2020-07,11387,5826,0.9923771313941826,0.9943718592964824,0.9903903903903903,148,0.972972972972973,0.8783783783783784,697,1.0,0.9985652797704447,148,0.972972972972973,0.8783783783783784,73,1.0,0.9452054794520548,531,1.0,0.9887005649717514,201,1.0,1.0,45,1.0,1.0,20,1.0,1.0,148,1.0,0.9459459459459459,74,1.0,1.0,205,1.0,1.0,262,1.0,0.6603053435114504,52,1.0,0.9230769230769231,72,1.0,0.9861111111111112,0,nan,nan,51,1.0,0.6078431372549019
random,wacatac,2,attacked,2020-08,6337,6395,0.9955450733752621,0.9973746390128643,0.9937222076902956,46,1.0,0.9130434782608695,166,1.0,1.0,46,1.0,0.9130434782608695,75,1.0,0.8133333333333334,723,1.0,0.9986168741355463,381,1.0,0.9973753280839895,73,1.0,1.0,120,1.0,1.0,82,1.0,0.9512195121951219,10,1.0,1.0,234,1.0,1.0,334,1.0,0.7245508982035929,18,1.0,0.7222222222222222,65,1.0,0.6307692307692307,1,nan,nan,91,1.0,0.989010989010989
random,wacatac,2,attacked,2020-09,8775,6712,0.9932092004381161,0.9958269273006809,0.9906051999126065,73,0.958904109589041,0.6301369863013698,278,1.0,0.9892086330935251,73,0.958904109589041,0.6301369863013698,62,1.0,0.8387096774193549,704,1.0,1.0,230,1.0,0.991304347826087,247,1.0,1.0,158,1.0,1.0,117,1.0,0.8803418803418803,14,1.0,1.0,129,1.0,1.0,218,1.0,0.8302752293577982,22,1.0,0.8636363636363636,116,1.0,0.39655172413793105,1,nan,nan,88,1.0,0.9545454545454546
random,sfone,2,clean,2019-09,7524,844,0.9345664739884393,0.8808019176291131,0.9953213494213248,40,1.0,1.0,40,1.0,1.0,391,0.9974424552429667,0.9872122762148338,357,1.0,1.0,130,0.9615384615384616,0.9846153846153847,252,1.0,1.0,66,1.0,1.0,243,1.0,1.0,46,1.0,1.0,74,1.0,1.0,88,1.0,1.0,56,1.0,1.0,140,1.0,1.0,15,0.9333333333333333,1.0,5,nan,nan,116,1.0,1.0
random,sfone,2,clean,2019-10,8474,1220,0.9763012660967427,0.9614236999147485,0.9916465157177402,63,1.0,1.0,63,1.0,1.0,385,0.9922077922077922,0.9948051948051948,508,1.0,1.0,91,1.0,1.0,290,1.0,1.0,37,1.0,1.0,185,1.0,1.0,75,1.0,1.0,161,1.0,1.0,78,1.0,1.0,31,1.0,1.0,139,1.0,1.0,28,1.0,1.0,47,1.0,1.0,126,1.0,1.0
random,sfone,2,clean,2019-11,6212,1644,0.9738343497934291,0.9559675550405562,0.9923817161186849,10,1.0,1.0,10,1.0,1.0,664,0.9984939759036144,0.9984939759036144,145,1.0,1.0,60,1.0,1.0,127,1.0,1.0,15,1.0,1.0,92,1.0,1.0,140,1.0,1.0,83,1.0,1.0,30,1.0,1.0,18,1.0,1.0,50,1.0,1.0,15,1.0,1.0,97,1.0,1.0,56,0.9821428571428571,0.9821428571428571
random,sfone,2,clean,2019-12,10159,1955,0.9732153678342019,0.9532288698955366,0.9940579351324585,81,1.0,1.0,81,1.0,1.0,1288,1.0,1.0,277,1.0,1.0,217,1.0,1.0,141,1.0,1.0,56,1.0,1.0,128,1.0,1.0,371,1.0,1.0,40,1.0,1.0,92,1.0,1.0,10,1.0,1.0,109,1.0,1.0,32,1.0,1.0,165,1.0,1.0,64,1.0,1.0
random,sfone,2,clean,2020-01,10436,2463,0.9317827847575537,0.8761960554579183,0.99490022172949,112,1.0,1.0,112,1.0,1.0,522,0.9923371647509579,0.9923371647509579,407,0.995085995085995,0.995085995085995,236,1.0,1.0,120,1.0,1.0,82,1.0,1.0,450,1.0,1.0,198,1.0,1.0,41,1.0,1.0,52,1.0,1.0,17,1.0,1.0,173,1.0,1.0,70,1.0,1.0,357,1.0,1.0,87,1.0,1.0
random,sfone,2,clean,2020-02,7972,2985,0.9414384324203964,0.8970931466157437,0.9903958772546264,247,1.0,1.0,247,1.0,1.0,196,0.9744897959183674,0.9693877551020408,413,1.0,1.0,178,1.0,1.0,407,0.9975429975429976,0.9975429975429976,321,1.0,1.0,37,1.0,1.0,54,1.0,1.0,23,1.0,1.0,119,1.0,1.0,20,1.0,1.0,140,1.0,1.0,233,1.0,1.0,316,1.0,1.0,66,0.9696969696969697,0.9696969696969697
random,sfone,2,clean,2020-03,8567,3384,0.9903303787268332,0.9955447549615228,0.9851703406813628,258,1.0,1.0,258,1.0,1.0,199,0.9045226130653267,0.9045226130653267,328,0.9969512195121951,0.9969512195121951,334,1.0,1.0,499,0.9899799599198397,0.9899799599198397,610,1.0,1.0,195,1.0,1.0,260,1.0,1.0,131,1.0,1.0,314,1.0,1.0,20,1.0,1.0,69,1.0,1.0,70,1.0,1.0,44,1.0,1.0,55,0.9818181818181818,0.9818181818181818
random,sfone,2,clean,2020-04,9841,3812,0.9826552462526766,0.9763829787234043,0.9890086206896552,274,1.0,1.0,274,1.0,1.0,252,0.9761904761904762,0.9841269841269841,705,0.9900709219858156,0.9900709219858156,119,1.0,1.0,312,1.0,1.0,356,1.0,1.0,209,1.0,1.0,304,1.0,1.0,190,1.0,1.0,94,1.0,1.0,75,1.0,1.0,84,1.0,1.0,32,1.0,1.0,7,nan,nan,52,1.0,1.0
random,sfone,2,clean,2020-05,11570,4304,0.9899325759674887,0.9964670881368538,0.9834832079280602,932,1.0,1.0,932,1.0,1.0,270,0.9481481481481482,0.9481481481481482,355,1.0,0.9971830985915493,109,1.0,1.0,82,1.0,1.0,276,1.0,1.0,192,1.0,1.0,93,1.0,1.0,569,1.0,1.0,18,1.0,1.0,81,1.0,1.0,58,1.0,1.0,181,1.0,1.0,10,1.0,1.0,66,1.0,1.0
random,sfone,2,clean,2020-06,12399,4882,0.9947780678851175,0.9957234497505346,0.9938344794877876,1559,1.0,1.0,1559,1.0,1.0,199,0.9798994974874372,0.9798994974874372,99,1.0,1.0,219,1.0,1.0,269,1.0,1.0,30,1.0,1.0,2,nan,nan,47,1.0,1.0,338,0.9970414201183432,1.0,145,1.0,1.0,13,1.0,1.0,21,1.0,1.0,139,1.0,1.0,0,nan,nan,32,0.96875,0.96875
random,sfone,2,clean,2020-07,11387,5502,0.9925687889134365,0.995768688293371,0.9893893893893894,697,1.0,1.0,697,1.0,1.0,148,0.9662162162162162,0.972972972972973,73,1.0,1.0,531,1.0,1.0,201,1.0,1.0,45,1.0,1.0,20,1.0,1.0,148,1.0,1.0,74,1.0,1.0,205,1.0,1.0,262,1.0,1.0,52,1.0,1.0,72,1.0,1.0,0,nan,nan,51,1.0,1.0
random,sfone,2,clean,2020-08,6337,6071,0.9964636542239685,0.9979013641133263,0.9950300810881507,166,1.0,1.0,166,1.0,1.0,46,1.0,1.0,75,1.0,1.0,723,1.0,1.0,381,1.0,1.0,73,1.0,1.0,120,1.0,1.0,82,1.0,1.0,10,1.0,1.0,234,1.0,1.0,334,1.0,1.0,18,1.0,1.0,65,1.0,1.0,1,nan,nan,91,1.0,1.0
random,sfone,2,clean,2020-09,8775,6388,0.9938623410784744,0.9971409720694964,0.9906051999126065,278,1.0,1.0,278,1.0,1.0,73,0.9452054794520548,0.9315068493150684,62,1.0,1.0,704,1.0,1.0,230,1.0,1.0,247,1.0,1.0,158,1.0,1.0,117,1.0,1.0,14,1.0,1.0,129,1.0,1.0,218,1.0,1.0,22,1.0,1.0,116,1.0,1.0,1,nan,nan,88,1.0,1.0
random,sfone,2,attacked,2019-09,7524,844,0.9345664739884393,0.8808019176291131,0.9953213494213248,40,1.0,1.0,40,1.0,1.0,391,0.9974424552429667,0.9872122762148338,357,1.0,1.0,130,0.9615384615384616,0.9846153846153847,252,1.0,1.0,66,1.0,1.0,243,1.0,1.0,46,1.0,1.0,74,1.0,1.0,88,1.0,1.0,56,1.0,1.0,140,1.0,1.0,15,0.9333333333333333,1.0,5,nan,nan,116,1.0,1.0
random,sfone,2,attacked,2019-10,8474,1295,0.9776621123400564,0.9646907768029104,0.9909870301165091,63,1.0,0.0,63,1.0,0.0,385,0.9922077922077922,0.0,508,1.0,0.0,91,1.0,0.0,290,1.0,0.0,37,1.0,0.0,185,1.0,0.0,75,1.0,0.0,161,1.0,0.0,78,1.0,0.0,31,1.0,0.0,139,1.0,0.0,28,1.0,0.0,47,1.0,0.0,126,1.0,0.0
random,sfone,2,attacked,2019-11,6212,1804,0.9478927203065134,0.9075568598679383,0.991980753809142,10,1.0,0.0,10,1.0,0.0,664,0.9984939759036144,0.0,145,1.0,0.020689655172413793,60,1.0,0.0,127,1.0,0.0,15,1.0,0.0,92,1.0,0.0,140,1.0,0.0,83,1.0,0.0,30,1.0,0.0,18,1.0,0.0,50,1.0,0.0,15,1.0,0.0,97,1.0,0.0,56,0.9821428571428571,0.0
random,sfone,2,attacked,2019-12,10159,2177,0.9764105058365758,0.959378733572282,0.9940579351324585,81,1.0,0.0,81,1.0,0.0,1288,0.9992236024844721,0.0,277,0.9963898916967509,0.007220216606498195,217,1.0,0.0,141,1.0,0.0,56,1.0,0.0,128,1.0,0.0,371,1.0,0.0,40,1.0,0.0,92,1.0,0.0,10,1.0,0.0,109,1.0,0.01834862385321101,32,1.0,0.0,165,1.0,0.0,64,1.0,0.0
random,sfone,2,attacked,2020-01,10436,2787,0.9249459487285082,0.8633480684220642,0.9960088691796009,112,1.0,0.0,112,1.0,0.0,522,0.9904214559386973,0.0,407,0.995085995085995,0.002457002457002457,236,1.0,0.0,120,1.0,0.0,82,1.0,0.0,450,1.0,0.0,198,1.0,0.0,41,1.0,0.0,52,1.0,0.0,17,1.0,0.0,173,1.0,0.011560693641618497,70,1.0,0.0,357,1.0,0.0,87,1.0,0.0
random,sfone,2,attacked,2020-02,7972,3309,0.9320044296788483,0.8838479311069103,0.9857109393300538,247,1.0,0.04048582995951417,247,1.0,0.04048582995951417,196,0.9846938775510204,0.015306122448979591,413,1.0,0.01694915254237288,178,1.0,0.0,407,1.0,0.014742014742014743,321,1.0,0.7881619937694704,37,1.0,0.6216216216216216,54,1.0,0.0,23,1.0,0.30434782608695654,119,1.0,0.17647058823529413,20,1.0,0.0,140,1.0,0.05,233,1.0,0.0,316,1.0,0.0,66,0.9696969696969697,0.0
random,sfone,2,attacked,2020-03,8567,3708,0.9851919008763977,0.9904800486125177,0.9799599198396793,258,1.0,0.7751937984496124,258,1.0,0.7751937984496124,199,0.9045226130653267,0.15577889447236182,328,1.0,0.4024390243902439,334,0.9970059880239521,0.038922155688622756,499,0.9899799599198397,0.9498997995991983,610,1.0,0.921311475409836,195,1.0,0.9897435897435898,260,1.0,0.046153846153846156,131,1.0,1.0,314,1.0,0.9936305732484076,20,1.0,0.15,69,1.0,0.3333333333333333,70,1.0,0.6857142857142857,44,1.0,0.022727272727272728,55,0.9818181818181818,0.0
random,sfone,2,attacked,2020-04,9841,4136,0.9927840603123317,0.9922497308934338,0.9933189655172414,274,1.0,0.0,274,1.0,0.0,252,0.9920634920634921,0.49206349206349204,705,0.9971631205673759,0.20709219858156028,119,1.0,0.0,312,1.0,0.0,356,1.0,0.37359550561797755,209,1.0,0.9473684210526315,304,1.0,0.08223684210526316,190,1.0,0.9421052631578948,94,1.0,0.0,75,1.0,0.013333333333333334,84,1.0,0.20238095238095238,32,1.0,0.0,7,nan,nan,52,1.0,0.0
random,sfone,2,attacked,2020-05,11570,4628,0.9908730524569005,0.9955539088551315,0.9862360066067168,932,1.0,0.9946351931330472,932,1.0,0.9946351931330472,270,0.9592592592592593,0.562962962962963,355,0.9915492957746479,0.8422535211267606,109,1.0,0.5045871559633027,82,1.0,0.975609756097561,276,1.0,0.855072463768116,192,1.0,1.0,93,1.0,0.6021505376344086,569,1.0,1.0,18,1.0,1.0,81,1.0,0.9012345679012346,58,1.0,0.6206896551724138,181,1.0,0.09392265193370165,10,1.0,0.1,66,1.0,0.4393939393939394
random,sfone,2,attacked,2020-06,12399,5206,0.9937091988130564,0.9947718631178707,0.9926488024662082,1559,1.0,1.0,1559,1.0,1.0,199,0.9698492462311558,0.35678391959798994,99,1.0,0.9494949494949495,219,1.0,0.7853881278538812,269,1.0,1.0,30,1.0,0.8333333333333334,2,nan,nan,47,1.0,0.8085106382978723,338,0.9970414201183432,0.9970414201183432,145,1.0,1.0,13,1.0,1.0,21,1.0,0.5714285714285714,139,1.0,0.5467625899280576,0,nan,nan,32,0.96875,0.84375
random,sfone,2,attacked,2020-07,11387,5826,0.9923771313941826,0.9943718592964824,0.9903903903903903,697,1.0,0.9985652797704447,697,1.0,0.9985652797704447,148,0.972972972972973,0.8783783783783784,73,1.0,0.9452054794520548,531,1.0,0.9887005649717514,201,1.0,1.0,45,1.0,1.0,20,1.0,1.0,148,1.0,0.9459459459459459,74,1.0,1.0,205,1.0,1.0,262,1.0,0.6603053435114504,52,1.0,0.9230769230769231,72,1.0,0.9861111111111112,0,nan,nan,51,1.0,0.6078431372549019
random,sfone,2,attacked,2020-08,6337,6395,0.9955450733752621,0.9973746390128643,0.9937222076902956,166,1.0,1.0,166,1.0,1.0,46,1.0,0.9130434782608695,75,1.0,0.8133333333333334,723,1.0,0.9986168741355463,381,1.0,0.9973753280839895,73,1.0,1.0,120,1.0,1.0,82,1.0,0.9512195121951219,10,1.0,1.0,234,1.0,1.0,334,1.0,0.7245508982035929,18,1.0,0.7222222222222222,65,1.0,0.6307692307692307,1,nan,nan,91,1.0,0.989010989010989
random,sfone,2,attacked,2020-09,8775,6712,0.9932092004381161,0.9958269273006809,0.9906051999126065,278,1.0,0.9892086330935251,278,1.0,0.9892086330935251,73,0.958904109589041,0.6301369863013698,62,1.0,0.8387096774193549,704,1.0,1.0,230,1.0,0.991304347826087,247,1.0,1.0,158,1.0,1.0,117,1.0,0.8803418803418803,14,1.0,1.0,129,1.0,1.0,218,1.0,0.8302752293577982,22,1.0,0.8636363636363636,116,1.0,0.39655172413793105,1,nan,nan,88,1.0,0.9545454545454546
uncertainty,wacatac,2,clean,2019-09,7524,844,0.9345664739884393,0.8808019176291131,0.9953213494213248,391,0.9974424552429667,0.9872122762148338,40,1.0,1.0,391,0.9974424552429667,0.9872122762148338,357,1.0,1.0,130,0.9615384615384616,0.9846153846153847,252,1.0,1.0,66,1.0,1.0,243,1.0,1.0,46,1.0,1.0,74,1.0,1.0,88,1.0,1.0,56,1.0,1.0,140,1.0,1.0,15,0.9333333333333333,1.0,5,nan,nan,116,1.0,1.0
uncertainty,wacatac,2,clean,2019-10,8474,1220,0.9767948578276501,0.9682505399568034,0.9854913167729171,385,0.9948051948051948,0.9896103896103896,63,1.0,1.0,385,0.9948051948051948,0.9896103896103896,508,0.9803149606299213,0.9803149606299213,91,1.0,1.0,290,1.0,1.0,37,1.0,1.0,185,1.0,1.0,75,1.0,1.0,161,1.0,1.0,78,1.0,1.0,31,1.0,1.0,139,1.0,1.0,28,1.0,1.0,47,1.0,1.0,126,1.0,0.9920634920634921
uncertainty,wacatac,2,clean,2019-11,6212,1644,0.9894148192530458,0.9856744926382809,0.9931836407377707,664,0.9984939759036144,0.9984939759036144,10,1.0,1.0,664,0.9984939759036144,0.9984939759036144,145,1.0,1.0,60,1.0,1.0,127,1.0,1.0,15,1.0,1.0,92,1.0,1.0,140,1.0,1.0,83,1.0,1.0,30,1.0,1.0,18,1.0,1.0,50,1.0,1.0,15,1.0,1.0,97,1.0,1.0,56,1.0,1.0
uncertainty,wacatac,2,clean,2019-12,10159,1955,0.9886699507389163,0.9835824552805685,0.9938103490963109,1288,1.0,1.0,81,1.0,1.0,1288,1.0,1.0,277,1.0,1.0,217,1.0,1.0,141,1.0,1.0,56,1.0,1.0,128,1.0,1.0,371,1.0,1.0,40,1.0,1.0,92,1.0,1.0,10,1.0,1.0,109,1.0,1.0,32,1.0,1.0,165,1.0,1.0,64,1.0,1.0
uncertainty,wacatac,2,clean,2020-01,10436,2463,0.9706263498920087,0.9461052631578948,0.9964523281596452,522,0.9923371647509579,0.9904214559386973,112,1.0,1.0,522,0.9923371647509579,0.9904214559386973,407,0.9975429975429976,0.9926289926289926,236,1.0,1.0,120,1.0,1.0,82,1.0,1.0,450,1.0,1.0,198,1.0,1.0,41,1.0,1.0,52,1.0,1.0,17,1.0,1.0,173,1.0,1.0,70,1.0,1.0,357,1.0,1.0,87,1.0,1.0
uncertainty,wacatac,2,clean,2020-02,7972,2985,0.97973917093619,0.9740680713128039,0.9854766924338253,196,0.9897959183673469,0.9540816326530612,247,1.0,1.0,196,0.9897959183673469,0.9540816326530612,413,1.0,1.0,178,1.0,1.0,407,0.9975429975429976,0.9975429975429976,321,1.0,1.0,37,1.0,1.0,54,1.0,1.0,23,1.0,1.0,119,1.0,1.0,20,1.0,1.0,140,1.0,1.0,233,1.0,1.0,316,1.0,0.9936708860759493,66,0.9696969696969697,0.9696969696969697
uncertainty,wacatac,2,clean,2020-03,8567,3384,0.9868073878627969,0.9995888157894737,0.9743486973947896,199,0.8743718592964824,0.8592964824120602,258,1.0,1.0,199,0.8743718592964824,0.8592964824120602,328,0.9969512195121951,0.9969512195121951,334,1.0,1.0,499,0.9899799599198397,0.9899799599198397,610,0.9983606557377049,0.9983606557377049,195,1.0,1.0,260,1.0,0.9807692307692307,131,1.0,1.0,314,0.9968152866242038,0.9968152866242038,20,1.0,0.95,69,1.0,1.0,70,1.0,1.0,44,1.0,1.0,55,0.9818181818181818,0.9818181818181818
uncertainty,wacatac,2,clean,2020-04,9841,3812,0.9955632507304404,0.9997826559443599,0.9913793103448276,252,0.9722222222222222,0.9603174603174603,274,1.0,1.0,252,0.9722222222222222,0.9603174603174603,705,0.9971631205673759,0.9971631205673759,119,1.0,1.0,312,1.0,1.0,356,1.0,1.0,209,1.0,1.0,304,1.0,0.9967105263157895,190,1.0,1.0,94,1.0,1.0,75,1.0,1.0,84,1.0,1.0,32,1.0,1.0,7,nan,nan,52,1.0,1.0
uncertainty,wacatac,2,clean,2020-05,11570,4304,0.996133308782913,0.9994457786809533,0.9928427234354927,270,0.9666666666666667,0.9555555555555556,932,1.0,1.0,270,0.9666666666666667,0.9555555555555556,355,1.0,1.0,109,1.0,1.0,82,1.0,1.0,276,1.0,1.0,192,1.0,1.0,93,1.0,1.0,569,1.0,1.0,18,1.0,1.0,81,1.0,1.0,58,1.0,1.0,181,1.0,1.0,10,1.0,1.0,66,1.0,1.0
uncertainty,wacatac,2,clean,2020-06,12399,4882,0.9971496437054632,0.9988103735427076,0.9954944273179985,199,0.9748743718592965,0.9698492462311558,1559,1.0,1.0,199,0.9748743718592965,0.9698492462311558,99,1.0,1.0,219,1.0,1.0,269,1.0,1.0,30,1.0,1.0,2,nan,nan,47,1.0,1.0,338,1.0,1.0,145,1.0,1.0,13,1.0,1.0,21,1.0,1.0,139,1.0,1.0,0,nan,nan,32,0.96875,0.9375
uncertainty,wacatac,2,clean,2020-07,11387,5502,0.9966884094330155,0.999195171026157,0.9941941941941942,148,0.972972972972973,0.972972972972973,697,1.0,1.0,148,0.972972972972973,0.972972972972973,73,1.0,1.0,531,1.0,1.0,201,1.0,1.0,45,1.0,1.0,20,1.0,1.0,148,1.0,1.0,74,1.0,1.0,205,1.0,1.0,262,1.0,1.0,52,1.0,1.0,72,1.0,1.0,0,nan,nan,51,1.0,1.0
uncertainty,wacatac,2,clean,2020-08,6337,6071,0.9989528795811519,0.9997380141472361,0.9981689772430029,46,1.0,1.0,166,1.0,1.0,46,1.0,1.0,75,1.0,1.0,723,1.0,1.0,381,1.0,1.0,73,1.0,1.0,120,1.0,1.0,82,1.0,1.0,10,1.0,1.0,234,1.0,1.0,334,1.0,1.0,18,1.0,1.0,65,1.0,1.0,1,nan,nan,91,1.0,1.0
uncertainty,wacatac,2,clean,2020-09,8775,6388,0.9977016526212105,0.999561403508772,0.9958488092637099,73,0.9726027397260274,0.958904109589041,278,1.0,1.0,73,0.9726027397260274,0.958904109589041,62,1.0,1.0,704,1.0,1.0,230,1.0,1.0,247,1.0,1.0,158,1.0,1.0,117,1.0,1.0,14,1.0,1.0,129,1.0,1.0,218,1.0,1.0,22,1.0,1.0,116,1.0,1.0,1,nan,nan,88,1.0,1.0
uncertainty,wacatac,2,attacked,2019-09,7524,844,0.9345664739884393,0.8808019176291131,0.9953213494213248,391,0.9974424552429667,0.9872122762148338,40,1.0,1.0,391,0.9974424552429667,0.9872122762148338,357,1.0,1.0,130,0.9615384615384616,0.9846153846153847,252,1.0,1.0,66,1.0,1.0,243,1.0,1.0,46,1.0,1.0,74,1.0,1.0,88,1.0,1.0,56,1.0,1.0,140,1.0,1.0,15,0.9333333333333333,1.0,5,nan,nan,116,1.0,1.0
uncertainty,wacatac,2,attacked,2019-10,8474,1295,0.9801947696684539,0.9758169934640523,0.9846120026379424,385,0.9922077922077922,0.9402597402597402,63,1.0,1.0,385,0.9922077922077922,0.9402597402597402,508,0.9803149606299213,0.9665354330708661,91,1.0,1.0,290,1.0,1.0,37,1.0,1.0,185,1.0,1.0,75,1.0,0.9866666666666667,161,1.0,1.0,78,1.0,0.9871794871794872,31,1.0,0.8709677419354839,139,1.0,0.9928057553956835,28,1.0,1.0,47,1.0,1.0,126,0.9920634920634921,0.9920634920634921
uncertainty,wacatac,2,attacked,2019-11,6212,1804,0.9896124650419497,0.9860668789808917,0.9931836407377707,664,0.9984939759036144,0.9246987951807228,10,1.0,1.0,664,0.9984939759036144,0.9246987951807228,145,1.0,0.896551724137931,60,1.0,0.85,127,1.0,0.968503937007874,15,1.0,0.9333333333333333,92,1.0,1.0,140,1.0,0.20714285714285716,83,1.0,1.0,30,1.0,1.0,18,1.0,0.6666666666666666,50,1.0,0.56,15,1.0,0.6,97,1.0,0.865979381443299,56,1.0,0.07142857142857142
uncertainty,wacatac,2,attacked,2019-12,10159,2177,0.9890326555760937,0.9845436702649657,0.9935627630601634,1288,1.0,0.9790372670807453,81,1.0,1.0,1288,1.0,0.9790372670807453,277,1.0,0.9169675090252708,217,1.0,0.8202764976958525,141,1.0,0.9929078014184397,56,1.0,1.0,128,1.0,1.0,371,1.0,0.784366576819407,40,1.0,1.0,92,1.0,1.0,10,1.0,0.8,109,1.0,0.6880733944954128,32,1.0,0.71875,165,1.0,0.6545454545454545,64,1.0,0.171875
uncertainty,wacatac,2,attacked,2020-01,10436,2787,0.9702136844377294,0.9451219512195121,0.9966740576496674,522,0.9923371647509579,0.8084291187739464,112,1.0,1.0,522,0.9923371647509579,0.8084291187739464,407,1.0,0.4250614250614251,236,1.0,0.2457627118644068,120,1.0,0.575,82,1.0,0.34146341463414637,450,1.0,0.9777777777777777,198,1.0,0.09595959595959595,41,1.0,0.926829268292683,52,1.0,1.0,17,1.0,0.5294117647058824,173,1.0,0.3352601156069364,70,1.0,0.5857142857142857,357,1.0,0.0,87,1.0,0.0
uncertainty,wacatac,2,attacked,2020-02,7972,3309,0.9792589140060592,0.9742638534662648,0.9843054579526821,196,0.9846938775510204,0.8469387755102041,247,1.0,0.9919028340080972,196,0.9846938775510204,0.8469387755102041,413,1.0,0.784503631961259,178,1.0,0.8651685393258427,407,0.9975429975429976,0.995085995085995,321,1.0,0.9875389408099688,37,1.0,1.0,54,1.0,0.8148148148148148,23,1.0,1.0,119,1.0,1.0,20,1.0,0.35,140,1.0,0.7428571428571429,233,1.0,0.9914163090128756,316,1.0,0.12658227848101267,66,0.9696969696969697,0.7727272727272727
uncertainty,wacatac,2,attacked,2020-03,8567,3708,0.9873212293336038,0.9995892380365579,0.9753507014028057,199,0.8743718592964824,0.7236180904522613,258,1.0,1.0,199,0.8743718592964824,0.7236180904522613,328,0.9969512195121951,0.8262195121951219,334,1.0,1.0,499,0.9899799599198397,0.9799599198396793,610,1.0,0.9934426229508196,195,1.0,1.0,260,1.0,0.8115384615384615,131,1.0,1.0,314,0.9968152866242038,0.9968152866242038,20,1.0,0.7,69,1.0,0.7536231884057971,70,1.0,1.0,44,1.0,0.0,55,0.9818181818181818,0.5454545454545454
uncertainty,wacatac,2,attacked,2020-04,9841,4136,0.9953508487404044,0.9986981991755262,0.9920258620689655,252,0.9722222222222222,0.9166666666666666,274,1.0,1.0,252,0.9722222222222222,0.9166666666666666,705,0.9971631205673759,0.9361702127659575,119,1.0,1.0,312,1.0,0.9967948717948718,356,1.0,0.9971910112359551,209,1.0,1.0,304,1.0,0.9210526315789473,190,1.0,1.0,94,1.0,1.0,75,1.0,0.9066666666666666,84,1.0,0.8809523809523809,32,1.0,1.0,7,nan,nan,52,1.0,0.9615384615384616
uncertainty,wacatac,2,attacked,2020-05,11570,4628,0.9965022091310751,0.9996306555863342,0.9933932831712241,270,0.9666666666666667,0.8629629629629629,932,1.0,0.9989270386266095,270,0.9666666666666667,0.8629629629629629,355,1.0,0.9830985915492958,109,1.0,1.0,82,1.0,1.0,276,1.0,1.0,192,1.0,1.0,93,1.0,0.946236559139785,569,1.0,1.0,18,1.0,1.0,81,1.0,1.0,58,1.0,1.0,181,1.0,1.0,10,1.0,0.8,66,1.0,1.0
uncertainty,wacatac,2,attacked,2020-06,12399,5206,0.9977442716371839,0.9990489776509748,0.9964429689352621,199,0.9798994974874372,0.8442211055276382,1559,1.0,1.0,199,0.9798994974874372,0.8442211055276382,99,1.0,0.9494949494949495,219,1.0,1.0,269,1.0,1.0,30,1.0,1.0,2,nan,nan,47,1.0,0.9361702127659575,338,1.0,0.9970414201183432,145,1.0,1.0,13,1.0,0.9230769230769231,21,1.0,0.9523809523809523,139,1.0,1.0,0,nan,nan,32,0.96875,0.875
uncertainty,wacatac,2,attacked,2020-07,11387,5826,0.9972921472269581,0.9991961414790996,0.9953953953953953,148,0.9864864864864865,0.9594594594594594,697,1.0,1.0,148,0.9864864864864865,0.9594594594594594,73,1.0,1.0,531,1.0,1.0,201,1.0,1.0,45,1.0,1.0,20,1.0,1.0,148,1.0,1.0,74,1.0,1.0,205,1.0,1.0,262,1.0,0.9923664122137404,52,1.0,1.0,72,1.0,1.0,0,nan,nan,51,1.0,1.0
uncertainty,wacatac,2,attacked,2020-08,6337,6395,0.9986910994764397,0.9994760282944721,0.9979074025634319,46,1.0,1.0,166,1.0,1.0,46,1.0,1.0,75,1.0,1.0,723,1.0,1.0,381,1.0,1.0,73,1.0,1.0,120,1.0,1.0,82,1.0,1.0,10,1.0,1.0,234,1.0,1.0,334,1.0,1.0,18,1.0,1.0,65,1.0,1.0,1,nan,nan,91,1.0,1.0
uncertainty,wacatac,2,attacked,2020-09,8775,6712,0.9978108581436077,0.9997806536521167,0.9958488092637099,73,0.958904109589041,0.9315068493150684,278,1.0,1.0,73,0.958904109589041,0.9315068493150684,62,1.0,1.0,704,1.0,1.0,230,1.0,1.0,247,1.0,1.0,158,1.0,1.0,117,1.0,1.0,14,1.0,1.0,129,1.0,1.0,218,1.0,1.0,22,1.0,1.0,116,1.0,1.0,1,nan,nan,88,1.0,1.0
uncertainty,sfone,2,clean,2019-09,7524,844,0.9345664739884393,0.8808019176291131,0.9953213494213248,40,1.0,1.0,40,1.0,1.0,391,0.9974424552429667,0.9872122762148338,357,1.0,1.0,130,0.9615384615384616,0.9846153846153847,252,1.0,1.0,66,1.0,1.0,243,1.0,1.0,46,1.0,1.0,74,1.0,1.0,88,1.0,1.0,56,1.0,1.0,140,1.0,1.0,15,0.9333333333333333,1.0,5,nan,nan,116,1.0,1.0
uncertainty,sfone,2,clean,2019-10,8474,1220,0.9767948578276501,0.9682505399568034,0.9854913167729171,63,1.0,1.0,63,1.0,1.0,385,0.9948051948051948,0.9896103896103896,508,0.9803149606299213,0.9803149606299213,91,1.0,1.0,290,1.0,1.0,37,1.0,1.0,185,1.0,1.0,75,1.0,1.0,161,1.0,1.0,78,1.0,1.0,31,1.0,1.0,139,1.0,1.0,28,1.0,1.0,47,1.0,1.0,126,1.0,0.9920634920634921
uncertainty,sfone,2,clean,2019-11,6212,1644,0.9894148192530458,0.9856744926382809,0.9931836407377707,10,1.0,1.0,10,1.0,1.0,664,0.9984939759036144,0.9984939759036144,145,1.0,1.0,60,1.0,1.0,127,1.0,1.0,15,1.0,1.0,92,1.0,1.0,140,1.0,1.0,83,1.0,1.0,30,1.0,1.0,18,1.0,1.0,50,1.0,1.0,15,1.0,1.0,97,1.0,1.0,56,1.0,1.0
uncertainty,sfone,2,clean,2019-12,10159,1955,0.9886699507389163,0.9835824552805685,0.9938103490963109,81,1.0,1.0,81,1.0,1.0,1288,1.0,1.0,277,1.0,1.0,217,1.0,1.0,141,1.0,1.0,56,1.0,1.0,128,1.0,1.0,371,1.0,1.0,40,1.0,1.0,92,1.0,1.0,10,1.0,1.0,109,1.0,1.0,32,1.0,1.0,165,1.0,1.0,64,1.0,1.0
uncertainty,sfone,2,clean,2020-01,10436,2463,0.9706263498920087,0.9461052631578948,0.9964523281596452,112,1.0,1.0,112,1.0,1.0,522,0.9923371647509579,0.9904214559386973,407,0.9975429975429976,0.9926289926289926,236,1.0,1.0,120,1.0,1.0,82,1.0,1.0,450,1.0,1.0,198,1.0,1.0,41,1.0,1.0,52,1.0,1.0,17,1.0,1.0,173,1.0,1.0,70,1.0,1.0,357,1.0,1.0,87,1.0,1.0
uncertainty,sfone,2,clean,2020-02,7972,2985,0.97973917093619,0.9740680713128039,0.9854766924338253,247,1.0,1.0,247,1.0,1.0,196,0.9897959183673469,0.9540816326530612,413,1.0,1.0,178,1.0,1.0,407,0.9975429975429976,0.9975429975429976,321,1.0,1.0,37,1.0,1.0,54,1.0,1.0,23,1.0,1.0,119,1.0,1.0,20,1.0,1.0,140,1.0,1.0,233,1.0,1.0,316,1.0,0.9936708860759493,66,0.9696969696969697,0.9696969696969697
uncertainty,sfone,2,clean,2020-03,8567,3384,0.9868073878627969,0.9995888157894737,0.9743486973947896,258,1.0,1.0,258,1.0,1.0,199,0.8743718592964824,0.8592964824120602,328,0.9969512195121951,0.9969512195121951,334,1.0,1.0,499,0.9899799599198397,0.9899799599198397,610,0.9983606557377049,0.9983606557377049,195,1.0,1.0,260,1.0,0.9807692307692307,131,1.0,1.0,314,0.9968152866242038,0.9968152866242038,20,1.0,0.95,69,1.0,1.0,70,1.0,1.0,44,1.0,1.0,55,0.9818181818181818,0.9818181818181818
uncertainty,sfone,2,clean,2020-04,9841,3812,0.9955632507304404,0.9997826559443599,0.9913793103448276,274,1.0,1.0,274,1.0,1.0,252,0.9722222222222222,0.9603174603174603,705,0.9971631205673759,0.9971631205673759,119,1.0,1.0,312,1.0,1.0,356,1.0,1.0,209,1.0,1.0,304,1.0,0.9967105263157895,190,1.0,1.0,94,1.0,1.0,75,1.0,1.0,84,1.0,1.0,32,1.0,1.0,7,nan,nan,52,1.0,1.0
uncertainty,sfone,2,clean,2020-05,11570,4304,0.996133308782913,0.9994457786809533,0.9928427234354927,932,1.0,1.0,932,1.0,1.0,270,0.9666666666666667,0.9555555555555556,355,1.0,1.0,109,1.0,1.0,82,1.0,1.0,276,1.0,1.0,192,1.0,1.0,93,1.0,1.0,569,1.0,1.0,18,1.0,1.0,81,1.0,1.0,58,1.0,1.0,181,1.0,1.0,10,1.0,1.0,66,1.0,1.0
uncertainty,sfone,2,clean,2020-06,12399,4882,0.9971496437054632,0.9988103735427076,0.9954944273179985,1559,1.0,1.0,1559,1.0,1.0,199,0.9748743718592965,0.9698492462311558,99,1.0,1.0,219,1.0,1.0,269,1.0,1.0,30,1.0,1.0,2,nan,nan,47,1.0,1.0,338,1.0,1.0,145,1.0,1.0,13,1.0,1.0,21,1.0,1.0,139,1.0,1.0,0,nan,nan,32,0.96875,0.9375
uncertainty,sfone,2,clean,2020-07,11387,5502,0.9966884094330155,0.999195171026157,0.9941941941941942,697,1.0,1.0,697,1.0,1.0,148,0.972972972972973,0.972972972972973,73,1.0,1.0,531,1.0,1.0,201,1.0,1.0,45,1.0,1.0,20,1.0,1.0,148,1.0,1.0,74,1.0,1.0,205,1.0,1.0,262,1.0,1.0,52,1.0,1.0,72,1.0,1.0,0,nan,nan,51,1.0,1.0
uncertainty,sfone,2,clean,2020-08,6337,6071,0.9989528795811519,0.9997380141472361,0.9981689772430029,166,1.0,1.0,166,1.0,1.0,46,1.0,1.0,75,1.0,1.0,723,1.0,1.0,381,1.0,1.0,73,1.0,1.0,120,1.0,1.0,82,1.0,1.0,10,1.0,1.0,234,1.0,1.0,334,1.0,1.0,18,1.0,1.0,65,1.0,1.0,1,nan,nan,91,1.0,1.0
uncertainty,sfone,2,clean,2020-09,8775,6388,0.9977016526212105,0.999561403508772,0.9958488092637099,278,1.0,1.0,278,1.0,1.0,73,0.9726027397260274,0.958904109589041,62,1.0,1.0,704,1.0,1.0,230,1.0,1.0,247,1.0,1.0,158,1.0,1.0,117,1.0,1.0,14,1.0,1.0,129,1.0,1.0,218,1.0,1.0,22,1.0,1.0,116,1.0,1.0,1,nan,nan,88,1.0,1.0
uncertainty,sfone,2,attacked,2019-09,7524,844,0.9345664739884393,0.8808019176291131,0.9953213494213248,40,1.0,1.0,40,1.0,1.0,391,0.9974424552429667,0.9872122762148338,357,1.0,1.0,130,0.9615384615384616,0.9846153846153847,252,1.0,1.0,66,1.0,1.0,243,1.0,1.0,46,1.0,1.0,74,1.0,1.0,88,1.0,1.0,56,1.0,1.0,140,1.0,1.0,15,0.9333333333333333,1.0,5,nan,nan,116,1.0,1.0
uncertainty,sfone,2,attacked,2019-10,8474,1295,0.9801947696684539,0.9758169934640523,0.9846120026379424,63,1.0,1.0,63,1.0,1.0,385,0.9922077922077922,0.9402597402597402,508,0.9803149606299213,0.9665354330708661,91,1.0,1.0,290,1.0,1.0,37,1.0,1.0,185,1.0,1.0,75,1.0,0.9866666666666667,161,1.0,1.0,78,1.0,0.9871794871794872,31,1.0,0.8709677419354839,139,1.0,0.9928057553956835,28,1.0,1.0,47,1.0,1.0,126,0.9920634920634921,0.9920634920634921
uncertainty,sfone,2,attacked,2019-11,6212,1804,0.9896124650419497,0.9860668789808917,0.9931836407377707,10,1.0,1.0,10,1.0,1.0,664,0.9984939759036144,0.9246987951807228,145,1.0,0.896551724137931,60,1.0,0.85,127,1.0,0.968503937007874,15,1.0,0.9333333333333333,92,1.0,1.0,140,1.0,0.20714285714285716,83,1.0,1.0,30,1.0,1.0,18,1.0,0.6666666666666666,50,1.0,0.56,15,1.0,0.6,97,1.0,0.865979381443299,56,1.0,0.07142857142857142
uncertainty,sfone,2,attacked,2019-12,10159,2177,0.9890326555760937,0.9845436702649657,0.9935627630601634,81,1.0,1.0,81,1.0,1.0,1288,1.0,0.9790372670807453,277,1.0,0.9169675090252708,217,1.0,0.8202764976958525,141,1.0,0.9929078014184397,56,1.0,1.0,128,1.0,1.0,371,1.0,0.784366576819407,40,1.0,1.0,92,1.0,1.0,10,1.0,0.8,109,1.0,0.6880733944954128,32,1.0,0.71875,165,1.0,0.6545454545454545,64,1.0,0.171875
uncertainty,sfone,2,attacked,2020-01,10436,2787,0.9702136844377294,0.9451219512195121,0.9966740576496674,112,1.0,1.0,112,1.0,1.0,522,0.9923371647509579,0.8084291187739464,407,1.0,0.4250614250614251,236,1.0,0.2457627118644068,120,1.0,0.575,82,1.0,0.34146341463414637,450,1.0,0.9777777777777777,198,1.0,0.09595959595959595,41,1.0,0.926829268292683,52,1.0,1.0,17,1.0,0.5294117647058824,173,1.0,0.3352601156069364,70,1.0,0.5857142857142857,357,1.0,0.0,87,1.0,0.0
uncertainty,sfone,2,attacked,2020-02,7972,3309,0.9792589140060592,0.9742638534662648,0.9843054579526821,247,1.0,0.9919028340080972,247,1.0,0.9919028340080972,196,0.9846938775510204,0.8469387755102041,413,1.0,0.784503631961259,178,1.0,0.8651685393258427,407,0.9975429975429976,0.995085995085995,321,1.0,0.9875389408099688,37,1.0,1.0,54,1.0,0.8148148148148148,23,1.0,1.0,119,1.0,1.0,20,1.0,0.35,140,1.0,0.7428571428571429,233,1.0,0.9914163090128756,316,1.0,0.12658227848101267,66,0.9696969696969697,0.7727272727272727
uncertainty,sfone,2,attacked,2020-03,8567,3708,0.9873212293336038,0.9995892380365579,0.9753507014028057,258,1.0,1.0,258,1.0,1.0,199,0.8743718592964824,0.7236180904522613,328,0.9969512195121951,0.8262195121951219,334,1.0,1.0,499,0.9899799599198397,0.9799599198396793,610,1.0,0.9934426229508196,195,1.0,1.0,260,1.0,0.8115384615384615,131,1.0,1.0,314,0.9968152866242038,0.9968152866242038,20,1.0,0.7,69,1.0,0.7536231884057971,70,1.0,1.0,44,1.0,0.0,55,0.9818181818181818,0.5454545454545454
uncertainty,sfone,2,attacked,2020-04,9841,4136,0.9953508487404044,0.9986981991755262,0.9920258620689655,274,1.0,1.0,274,1.0,1.0,252,0.9722222222222222,0.9166666666666666,705,0.9971631205673759,0.9361702127659575,119,1.0,1.0,312,1.0,0.9967948717948718,356,1.0,0.9971910112359551,209,1.0,1.0,304,1.0,0.9210526315789473,190,1.0,1.0,94,1.0,1.0,75,1.0,0.9066666666666666,84,1.0,0.8809523809523809,32,1.0,1.0,7,nan,nan,52,1.0,0.9615384615384616
uncertainty,sfone,2,attacked,2020-05,11570,4628,0.9965022091310751,0.9996306555863342,0.9933932831712241,932,1.0,0.9989270386266095,932,1.0,0.9989270386266095,270,0.9666666666666667,0.8629629629629629,355,1.0,0.9830985915492958,109,1.0,1.0,82,1.0,1.0,276,1.0,1.0,192,1.0,1.0,93,1.0,0.946236559139785,569,1.0,1.0,18,1.0,1.0,81,1.0,1.0,58,1.0,1.0,181,1.0,1.0,10,1.0,0.8,66,1.0,1.0
uncertainty,sfone,2,attacked,2020-06,12399,5206,0.9977442716371839,0.9990489776509748,0.9964429689352621,1559,1.0,1.0,1559,1.0,1.0,199,0.9798994974874372,0.8442211055276382,99,1.0,0.9494949494949495,219,1.0,1.0,269,1.0,1.0,30,1.0,1.0,2,nan,nan,47,1.0,0.9361702127659575,338,1.0,0.9970414201183432,145,1.0,1.0,13,1.0,0.9230769230769231,21,1.0,0.9523809523809523,139,1.0,1.0,0,nan,nan,32,0.96875,0.875
uncertainty,sfone,2,attacked,2020-07,11387,5826,0.9972921472269581,0.9991961414790996,0.9953953953953953,697,1.0,1.0,697,1.0,1.0,148,0.9864864864864865,0.9594594594594594,73,1.0,1.0,531,1.0,1.0,201,1.0,1.0,45,1.0,1.0,20,1.0,1.0,148,1.0,1.0,74,1.0,1.0,205,1.0,1.0,262,1.0,0.9923664122137404,52,1.0,1.0,72,1.0,1.0,0,nan,nan,51,1.0,1.0
uncertainty,sfone,2,attacked,2020-08,6337,6395,0.9986910994764397,0.9994760282944721,0.9979074025634319,166,1.0,1.0,166,1.0,1.0,46,1.0,1.0,75,1.0,1.0,723,1.0,1.0,381,1.0,1.0,73,1.0,1.0,120,1.0,1.0,82,1.0,1.0,10,1.0,1.0,234,1.0,1.0,334,1.0,1.0,18,1.0,1.0,65,1.0,1.0,1,nan,nan,91,1.0,1.0
uncertainty,sfone,2,attacked,2020-09,8775,6712,0.9978108581436077,0.9997806536521167,0.9958488092637099,278,1.0,1.0,278,1.0,1.0,73,0.958904109589041,0.9315068493150684,62,1.0,1.0,704,1.0,1.0,230,1.0,1.0,247,1.0,1.0,158,1.0,1.0,117,1.0,1.0,14,1.0,1.0,129,1.0,1.0,218,1.0,1.0,22,1.0,1.0,116,1.0,1.0,1,nan,nan,88,1.0,1.0
random,wacatac,3,clean,2019-09,7524,844,0.9345664739884393,0.8808019176291131,0.9953213494213248,391,0.9974424552429667,0.9872122762148338,40,1.0,1.0,391,0.9974424552429667,0.9872122762148338,357,1.0,1.0,130,0.9615384615384616,0.9846153846153847,252,1.0,1.0,66,1.0,1.0,243,1.0,1.0,46,1.0,1.0,74,1.0,1.0,88,1.0,1.0,56,1.0,1.0,140,1.0,1.0,15,0.9333333333333333,1.0,5,nan,nan,116,1.0,1.0
random,wacatac,3,clean,2019-10,8474,1220,0.9709239715701056,0.9516571669833228,0.9909870301165091,385,1.0,0.9948051948051948,63,1.0,1.0,385,1.0,0.9948051948051948,508,0.9803149606299213,0.9803149606299213,91,0.978021978021978,1.0,290,1.0,1.0,37,1.0,1.0,185,1.0,1.0,75,1.0,1.0,161,1.0,1.0,78,1.0,1.0,31,1.0,1.0,139,1.0,1.0,28,1.0,1.0,47,1.0,1.0,126,0.9920634920634921,0.9920634920634921
random,wacatac,3,clean,2019-11,6212,1644,0.973089766254174,0.9537928378898729,0.9931836407377707,664,0.9984939759036144,0.9984939759036144,10,1.0,1.0,664,0.9984939759036144,0.9984939759036144,145,1.0,1.0,60,1.0,1.0,127,1.0,1.0,15,1.0,1.0,92,1.0,1.0,140,1.0,1.0,83,1.0,1.0,30,1.0,1.0,18,1.0,1.0,50,1.0,1.0,15,1.0,1.0,97,1.0,1.0,56,0.9821428571428571,0.9821428571428571
random,wacatac,3,clean,2019-12,10159,1955,0.9732218587180419,0.9530137636449929,0.994305521168606,1288,1.0,0.9992236024844721,81,1.0,1.0,1288,1.0,0.9992236024844721,277,1.0,1.0,217,1.0,1.0,141,1.0,1.0,56,1.0,1.0,128,1.0,1.0,371,1.0,1.0,40,1.0,1.0,92,1.0,1.0,10,1.0,1.0,109,1.0,1.0,32,1.0,1.0,165,1.0,1.0,64,1.0,1.0
random,wacatac,3,clean,2020-01,10436,2463,0.9092931540095055,0.8358430935118052,0.9968957871396896,522,0.9923371647509579,0.9923371647509579,112,1.0,1.0,522,0.9923371647509579,0.9923371647509579,407,0.9975429975429976,0.995085995085995,236,1.0,1.0,120,1.0,1.0,82,1.0,1.0,450,1.0,1.0,198,1.0,1.0,41,1.0,1.0,52,1.0,1.0,17,1.0,1.0,173,1.0,1.0,70,1.0,1.0,357,1.0,1.0,87,1.0,1.0
random,wacatac,3,clean,2020-02,7972,2985,0.9369289057276576,0.8935175345377259,0.9847739517451394,196,0.9744897959183674,0.9591836734693877,247,1.0,1.0,196,0.9744897959183674,0.9591836734693877,413,1.0,1.0,178,1.0,1.0,407,1.0,1.0,321,1.0,1.0,37,1.0,1.0,54,1.0,1.0,23,1.0,1.0,119,1.0,1.0,20,1.0,1.0,140,1.0,1.0,233,1.0,1.0,316,1.0,1.0,66,0.9696969696969697,0.9696969696969697
random,wacatac,3,clean,2020-03,8567,3384,0.9881621187800963,0.989353153877059,0.9869739478957916,199,0.9095477386934674,0.9095477386934674,258,1.0,1.0,199,0.9095477386934674,0.9095477386934674,328,1.0,1.0,334,0.9970059880239521,0.9970059880239521,499,0.9899799599198397,0.9899799599198397,610,1.0,1.0,195,1.0,1.0,260,1.0,1.0,131,1.0,1.0,314,1.0,1.0,20,1.0,1.0,69,1.0,1.0,70,1.0,1.0,44,1.0,1.0,55,0.9818181818181818,0.9818181818181818
random,wacatac,3,clean,2020-04,9841,3812,0.9831016042780749,0.975796178343949,0.9905172413793103,252,0.9722222222222222,0.9801587301587301,274,1.0,1.0,252,0.9722222222222222,0.9801587301587301,705,0.9929078014184397,0.9914893617021276,119,1.0,1.0,312,1.0,1.0,356,1.0,1.0,209,1.0,1.0,304,1.0,1.0,190,1.0,1.0,94,1.0,1.0,75,1.0,1.0,84,1.0,1.0,32,1.0,1.0,7,nan,nan,52,1.0,1.0
random,wacatac,3,clean,2020-05,11570,4304,0.9911373707533235,0.9972134497492104,0.9851348871352542,270,0.9444444444444444,0.9407407407407408,932,1.0,1.0,270,0.9444444444444444,0.9407407407407408,355,1.0,0.9971830985915493,109,1.0,1.0,82,1.0,1.0,276,1.0,1.0,192,1.0,1.0,93,1.0,1.0,569,1.0,1.0,18,1.0,1.0,81,1.0,1.0,58,1.0,1.0,181,1.0,1.0,10,1.0,1.0,66,1.0,1.0
random,wacatac,3,clean,2020-06,12399,4882,0.9936064409187781,0.9921967368172144,0.9950201565093668,199,0.9798994974874372,0.964824120603015,1559,1.0,1.0,199,0.9798994974874372,0.964824120603015,99,1.0,1.0,219,1.0,1.0,269,1.0,1.0,30,1.0,1.0,2,nan,nan,47,1.0,1.0,338,1.0,1.0,145,1.0,1.0,13,1.0,1.0,21,1.0,1.0,139,1.0,1.0,0,nan,nan,32,0.96875,0.96875
random,wacatac,3,clean,2020-07,11387,5502,0.9932751179363646,0.9959742351046699,0.9905905905905906,148,0.9459459459459459,0.9594594594594594,697,1.0,1.0,148,0.9459459459459459,0.9594594594594594,73,1.0,1.0,531,1.0,1.0,201,1.0,1.0,45,1.0,1.0,20,1.0,1.0,148,1.0,1.0,74,1.0,1.0,205,1.0,1.0,262,1.0,1.0,52,1.0,1.0,72,1.0,1.0,0,nan,nan,51,1.0,1.0
random,wacatac,3,clean,2020-08,6337,6071,0.9959344262295082,0.9986849026827985,0.9931990583311535,46,0.9782608695652174,0.9782608695652174,166,1.0,1.0,46,0.9782608695652174,0.9782608695652174,75,1.0,1.0,723,1.0,1.0,381,1.0,1.0,73,1.0,1.0,120,1.0,1.0,82,1.0,1.0,10,1.0,1.0,234,1.0,1.0,334,1.0,1.0,18,1.0,1.0,65,1.0,1.0,1,nan,nan,91,1.0,1.0
random,wacatac,3,clean,2020-09,8775,6388,0.9938636861713784,0.9969224005275885,0.9908236836355692,73,0.9315068493150684,0.9315068493150684,278,1.0,1.0,73,0.9315068493150684,0.9315068493150684,62,1.0,1.0,704,1.0,1.0,230,1.0,1.0,247,1.0,1.0,158,1.0,1.0,117,1.0,1.0,14,1.0,1.0,129,1.0,1.0,218,1.0,1.0,22,1.0,1.0,116,1.0,1.0,1,nan,nan,88,1.0,1.0
random,wacatac,3,attacked,2019-09,7524,844,0.9345664739884393,0.8808019176291131,0.9953213494213248,391,0.9974424552429667,0.9872122762148338,40,1.0,1.0,391,0.9974424552429667,0.9872122762148338,357,1.0,1.0,130,0.9615384615384616,0.9846153846153847,252,1.0,1.0,66,1.0,1.0,243,1.0,1.0,46,1.0,1.0,74,1.0,1.0,88,1.0,1.0,56,1.0,1.0,140,1.0,1.0,15,0.9333333333333333,1.0,5,nan,nan,116,1.0,1.0
random,wacatac,3,attacked,2019-10,8474,1295,0.9691943127962085,0.9501583949313622,0.989008573312816,385,0.9974025974025974,0.033766233766233764,63,1.0,0.0,385,0.9974025974025974,0.033766233766233764,508,0.9803149606299213,0.0,91,0.989010989010989,0.0,290,1.0,0.0,37,1.0,0.0,185,1.0,0.07567567567567568,75,1.0,0.013333333333333334,161,1.0,0.0,78,1.0,0.0,31,1.0,0.0,139,1.0,0.0,28,1.0,0.0,47,1.0,0.0,126,0.9920634920634921,0.0
random,wacatac,3,attacked,2019-11,6212,1804,0.9719552853500686,0.9512476007677543,0.9935846030473136,664,0.9984939759036144,0.44728915662650603,10,1.0,0.0,664,0.9984939759036144,0.44728915662650603,145,1.0,0.0,60,0.9833333333333333,0.0,127,1.0,0.0,15,1.0,0.0,92,1.0,0.358695652173913,140,1.0,0.0,83,1.0,0.0,30,1.0,0.0,18,1.0,0.0,50,1.0,0.0,15,1.0,0.0,97,1.0,0.0,56,1.0,0.0
random,wacatac,3,attacked,2019-12,10159,2177,0.9693532818532818,0.9453989173923276,0.9945531072047537,1288,1.0,0.0,81,1.0,0.0,1288,1.0,0.0,277,1.0,0.0,217,0.9953917050691244,0.0,141,1.0,0.0,56,1.0,0.0,128,1.0,0.0078125,371,1.0,0.0,40,1.0,0.0,92,1.0,0.0,10,1.0,0.0,109,1.0,0.0,32,0.96875,0.0,165,1.0,0.0,64,1.0,0.0
random,wacatac,3,attacked,2020-01,10436,2787,0.9116571892770106,0.8409516672911203,0.9953436807095344,522,0.9904214559386973,0.0,112,1.0,0.0,522,0.9904214559386973,0.0,407,1.0,0.0,236,0.9915254237288136,0.0,120,1.0,0.0,82,1.0,0.0,450,1.0,0.008888888888888889,198,1.0,0.0,41,1.0,0.04878048780487805,52,1.0,0.0,17,1.0,0.0,173,1.0,0.011560693641618497,70,1.0,0.0,357,1.0,0.0,87,1.0,0.0
random,wacatac,3,attacked,2020-02,7972,3309,0.9425236242356865,0.8969530258146424,0.9929725931131412,196,0.9846938775510204,0.5153061224489796,247,1.0,0.9919028340080972,196,0.9846938775510204,0.5153061224489796,413,1.0,0.559322033898305,178,1.0,0.5337078651685393,407,1.0,0.9803439803439803,321,1.0,0.9065420560747663,37,1.0,1.0,54,1.0,0.7407407407407407,23,1.0,1.0,119,1.0,0.9915966386554622,20,1.0,0.35,140,1.0,0.32857142857142857,233,1.0,0.6223175965665236,316,1.0,0.0,66,0.9696969696969697,0.0
random,wacatac,3,attacked,2020-03,8567,3708,0.982049213392497,0.9884287454323996,0.975751503006012,199,0.9045226130653267,0.49748743718592964,258,1.0,0.9534883720930233,199,0.9045226130653267,0.49748743718592964,328,1.0,0.7835365853658537,334,0.9970059880239521,0.4221556886227545,499,0.9899799599198397,0.9579158316633266,610,1.0,1.0,195,1.0,1.0,260,1.0,0.8461538461538461,131,1.0,1.0,314,1.0,0.9968152866242038,20,1.0,0.75,69,1.0,0.5942028985507246,70,1.0,0.6857142857142857,44,1.0,0.5681818181818182,55,0.9818181818181818,0.09090909090909091
random,wacatac,3,attacked,2020-04,9841,4136,0.9817716661336745,0.9713140687618645,0.9924568965517241,252,0.9920634920634921,0.8174603174603174,274,1.0,1.0,252,0.9920634920634921,0.8174603174603174,705,0.9957446808510638,0.8397163120567376,119,1.0,0.7983193277310925,312,1.0,0.9775641025641025,356,1.0,1.0,209,1.0,1.0,304,1.0,0.9177631578947368,190,1.0,1.0,94,1.0,1.0,75,1.0,0.9333333333333333,84,1.0,0.8095238095238095,32,1.0,0.21875,7,nan,nan,52,1.0,0.40384615384615385
random,wacatac,3,attacked,2020-05,11570,4628,0.9918025237174173,0.9955621301775148,0.9880712057258213,270,0.9518518518518518,0.7666666666666667,932,1.0,1.0,270,0.9518518518518518,0.7666666666666667,355,0.9971830985915493,0.9295774647887324,109,1.0,1.0,82,1.0,1.0,276,1.0,1.0,192,1.0,1.0,93,1.0,0.946236559139785,569,1.0,1.0,18,1.0,1.0,81,1.0,1.0,58,1.0,0.9137931034482759,181,1.0,0.30386740331491713,10,1.0,0.7,66,1.0,0.4090909090909091
random,wacatac,3,attacked,2020-06,12399,5206,0.9927904503013828,0.9896324222431668,0.9959686981266304,199,0.9698492462311558,0.6130653266331658,1559,1.0,1.0,199,0.9698492462311558,0.6130653266331658,99,1.0,0.9696969696969697,219,1.0,0.9726027397260274,269,1.0,1.0,30,1.0,0.9333333333333333,2,nan,nan,47,1.0,1.0,338,1.0,0.9970414201183432,145,1.0,1.0,13,1.0,0.9230769230769231,21,1.0,0.9523809523809523,139,1.0,0.9856115107913669,0,nan,nan,32,0.96875,0.71875
random,wacatac,3,attacked,2020-07,11387,5826,0.9935871743486974,0.9945837512537613,0.9925925925925926,148,0.972972972972973,0.8783783783783784,697,1.0,0.9928263988522238,148,0.972972972972973,0.8783783783783784,73,1.0,0.9315068493150684,531,1.0,1.0,201,1.0,1.0,45,1.0,1.0,20,1.0,1.0,148,1.0,0.9864864864864865,74,1.0,1.0,205,1.0,1.0,262,1.0,0.916030534351145,52,1.0,0.9423076923076923,72,1.0,1.0,0,nan,nan,51,1.0,0.19607843137254902
random,wacatac,3,attacked,2020-08,6337,6395,0.9951488134259866,0.9976340694006309,0.9926759089720115,46,0.9782608695652174,0.9130434782608695,166,1.0,1.0,46,0.9782608695652174,0.9130434782608695,75,1.0,0.8133333333333334,723,1.0,1.0,381,1.0,1.0,73,1.0,1.0,120,1.0,1.0,82,1.0,1.0,10,1.0,1.0,234,1.0,1.0,334,1.0,0.8652694610778443,18,1.0,0.7777777777777778,65,1.0,0.9384615384615385,1,nan,nan,91,1.0,0.23076923076923078
random,wacatac,3,attacked,2020-09,8775,6712,0.9946383630594157,0.9962735642262166,0.9930085208651955,73,0.9178082191780822,0.821917808219178,278,1.0,0.9820143884892086,73,0.9178082191780822,0.821917808219178,62,1.0,0.9516129032258065,704,1.0,1.0,230,1.0,1.0,247,1.0,1.0,158,1.0,1.0,117,1.0,1.0,14,1.0,1.0,129,1.0,1.0,218,1.0,0.9908256880733946,22,1.0,1.0,116,1.0,0.896551724137931,1,nan,nan,88,1.0,0.375
random,sfone,3,clean,2019-09,7524,844,0.9345664739884393,0.8808019176291131,0.9953213494213248,40,1.0,1.0,40,1.0,1.0,391,0.9974424552429667,0.9872122762148338,357,1.0,1.0,130,0.9615384615384616,0.9846153846153847,252,1.0,1.0,66,1.0,1.0,243,1.0,1.0,46,1.0,1.0,74,1.0,1.0,88,1.0,1.0,56,1.0,1.0,140,1.0,1.0,15,0.9333333333333333,1.0,5,nan,nan,116,1.0,1.0
random,sfone,3,clean,2019-10,8474,1220,0.9709239715701056,0.9516571669833228,0.9909870301165091,63,1.0,1.0,63,1.0,1.0,385,1.0,0.9948051948051948,508,0.9803149606299213,0.9803149606299213,91,0.978021978021978,1.0,290,1.0,1.0,37,1.0,1.0,185,1.0,1.0,75,1.0,1.0,161,1.0,1.0,78,1.0,1.0,31,1.0,1.0,139,1.0,1.0,28,1.0,1.0,47,1.0,1.0,126,0.9920634920634921,0.9920634920634921
random,sfone,3,clean,2019-11,6212,1644,0.973089766254174,0.9537928378898729,0.9931836407377707,10,1.0,1.0,10,1.0,1.0,664,0.9984939759036144,0.9984939759036144,145,1.0,1.0,60,1.0,1.0,127,1.0,1.0,15,1.0,1.0,92,1.0,1.0,140,1.0,1.0,83,1.0,1.0,30,1.0,1.0,18,1.0,1.0,50,1.0,1.0,15,1.0,1.0,97,1.0,1.0,56,0.9821428571428571,0.9821428571428571
random,sfone,3,clean,2019-12,10159,1955,0.9732218587180419,0.9530137636449929,0.994305521168606,81,1.0,1.0,81,1.0,1.0,1288,1.0,0.9992236024844721,277,1.0,1.0,217,1.0,1.0,141,1.0,1.0,56,1.0,1.0,128,1.0,1.0,371,1.0,1.0,40,1.0,1.0,92,1.0,1.0,10,1.0,1.0,109,1.0,1.0,32,1.0,1.0,165,1.0,1.0,64,1.0,1.0
random,sfone,3,clean,2020-01,10436,2463,0.9092931540095055,0.8358430935118052,0.9968957871396896,112,1.0,1.0,112,1.0,1.0,522,0.9923371647509579,0.9923371647509579,407,0.9975429975429976,0.995085995085995,236,1.0,1.0,120,1.0,1.0,82,1.0,1.0,450,1.0,1.0,198,1.0,1.0,41,1.0,1.0,52,1.0,1.0,17,1.0,1.0,173,1.0,1.0,70,1.0,1.0,357,1.0,1.0,87,1.0,1.0
random,sfone,3,clean,2020-02,7972,2985,0.9369289057276576,0.8935175345377259,0.9847739517451394,247,1.0,1.0,247,1.0,1.0,196,0.9744897959183674,0.9591836734693877,413,1.0,1.0,178,1.0,1.0,407,1.0,1.0,321,1.0,1.0,37,1.0,1.0,54,1.0,1.0,23,1.0,1.0,119,1.0,1.0,20,1.0,1.0,140,1.0,1.0,233,1.0,1.0,316,1.0,1.0,66,0.9696969696969697,0.9696969696969697
random,sfone,3,clean,2020-03,8567,3384,0.9881621187800963,0.989353153877059,0.9869739478957916,258,1.0,1.0,258,1.0,1.0,199,0.9095477386934674,0.9095477386934674,328,1.0,1.0,334,0.9970059880239521,0.9970059880239521,499,0.9899799599198397,0.9899799599198397,610,1.0,1.0,195,1.0,1.0,260,1.0,1.0,131,1.0,1.0,314,1.0,1.0,20,1.0,1.0,69,1.0,1.0,70,1.0,1.0,44,1.0,1.0,55,0.9818181818181818,0.9818181818181818
random,sfone,3,clean,2020-04,9841,3812,0.9831016042780749,0.975796178343949,0.9905172413793103,274,1.0,1.0,274,1.0,1.0,252,0.9722222222222222,0.9801587301587301,705,0.9929078014184397,0.9914893617021276,119,1.0,1.0,312,1.0,1.0,356,1.0,1.0,209,1.0,1.0,304,1.0,1.0,190,1.0,1.0,94,1.0,1.0,75,1.0,1.0,84,1.0,1.0,32,1.0,1.0,7,nan,nan,52,1.0,1.0
random,sfone,3,clean,2020-05,11570,4304,0.9911373707533235,0.9972134497492104,0.9851348871352542,932,1.0,1.0,932,1.0,1.0,270,0.9444444444444444,0.9407407407407408,355,1.0,0.9971830985915493,109,1.0,1.0,82,1.0,1.0,276,1.0,1.0,192,1.0,1.0,93,1.0,1.0,569,1.0,1.0,18,1.0,1.0,81,1.0,1.0,58,1.0,1.0,181,1.0,1.0,10,1.0,1.0,66,1.0,1.0
random,sfone,3,clean,2020-06,12399,4882,0.9936064409187781,0.9921967368172144,0.9950201565093668,1559,1.0,1.0,1559,1.0,1.0,199,0.9798994974874372,0.964824120603015,99,1.0,1.0,219,1.0,1.0,269,1.0,1.0,30,1.0,1.0,2,nan,nan,47,1.0,1.0,338,1.0,1.0,145,1.0,1.0,13,1.0,1.0,21,1.0,1.0,139,1.0,1.0,0,nan,nan,32,0.96875,0.96875
random,sfone,3,clean,2020-07,11387,5502,0.9932751179363646,0.9959742351046699,0.9905905905905906,697,1.0,1.0,697,1.0,1.0,148,0.9459459459459459,0.9594594594594594,73,1.0,1.0,531,1.0,1.0,201,1.0,1.0,45,1.0,1.0,20,1.0,1.0,148,1.0,1.0,74,1.0,1.0,205,1.0,1.0,262,1.0,1.0,52,1.0,1.0,72,1.0,1.0,0,nan,nan,51,1.0,1.0
random,sfone,3,clean,2020-08,6337,6071,0.9959344262295082,0.9986849026827985,0.9931990583311535,166,1.0,1.0,166,1.0,1.0,46,0.9782608695652174,0.9782608695652174,75,1.0,1.0,723,1.0,1.0,381,1.0,1.0,73,1.0,1.0,120,1.0,1.0,82,1.0,1.0,10,1.0,1.0,234,1.0,1.0,334,1.0,1.0,18,1.0,1.0,65,1.0,1.0,1,nan,nan,91,1.0,1.0
random,sfone,3,clean,2020-09,8775,6388,0.9938636861713784,0.9969224005275885,0.9908236836355692,278,1.0,1.0,278,1.0,1.0,73,0.9315068493150684,0.9315068493150684,62,1.0,1.0,704,1.0,1.0,230,1.0,1.0,247,1.0,1.0,158,1.0,1.0,117,1.0,1.0,14,1.0,1.0,129,1.0,1.0,218,1.0,1.0,22,1.0,1.0,116,1.0,1.0,1,nan,nan,88,1.0,1.0
random,sfone,3,attacked,2019-09,7524,844,0.9345664739884393,0.8808019176291131,0.9953213494213248,40,1.0,1.0,40,1.0,1.0,391,0.9974424552429667,0.9872122762148338,357,1.0,1.0,130,0.9615384615384616,0.9846153846153847,252,1.0,1.0,66,1.0,1.0,243,1.0,1.0,46,1.0,1.0,74,1.0,1.0,88,1.0,1.0,56,1.0,1.0,140,1.0,1.0,15,0.9333333333333333,1.0,5,nan,nan,116,1.0,1.0
random,sfone,3,attacked,2019-10,8474,1295,0.9691943127962085,0.9501583949313622,0.989008573312816,63,1.0,0.0,63,1.0,0.0,385,0.9974025974025974,0.033766233766233764,508,0.9803149606299213,0.0,91,0.989010989010989,0.0,290,1.0,0.0,37,1.0,0.0,185,1.0,0.07567567567567568,75,1.0,0.013333333333333334,161,1.0,0.0,78,1.0,0.0,31,1.0,0.0,139,1.0,0.0,28,1.0,0.0,47,1.0,0.0,126,0.9920634920634921,0.0
random,sfone,3,attacked,2019-11,6212,1804,0.9719552853500686,0.9512476007677543,0.9935846030473136,10,1.0,0.0,10,1.0,0.0,664,0.9984939759036144,0.44728915662650603,145,1.0,0.0,60,0.9833333333333333,0.0,127,1.0,0.0,15,1.0,0.0,92,1.0,0.358695652173913,140,1.0,0.0,83,1.0,0.0,30,1.0,0.0,18,1.0,0.0,50,1.0,0.0,15,1.0,0.0,97,1.0,0.0,56,1.0,0.0
random,sfone,3,attacked,2019-12,10159,2177,0.9693532818532818,0.9453989173923276,0.9945531072047537,81,1.0,0.0,81,1.0,0.0,1288,1.0,0.0,277,1.0,0.0,217,0.9953917050691244,0.0,141,1.0,0.0,56,1.0,0.0,128,1.0,0.0078125,371,1.0,0.0,40,1.0,0.0,92,1.0,0.0,10,1.0,0.0,109,1.0,0.0,32,0.96875,0.0,165,1.0,0.0,64,1.0,0.0
random,sfone,3,attacked,2020-01,10436,2787,0.9116571892770106,0.8409516672911203,0.9953436807095344,112,1.0,0.0,112,1.0,0.0,522,0.9904214559386973,0.0,407,1.0,0.0,236,0.9915254237288136,0.0,120,1.0,0.0,82,1.0,0.0,450,1.0,0.008888888888888889,198,1.0,0.0,41,1.0,0.04878048780487805,52,1.0,0.0,17,1.0,0.0,173,1.0,0.011560693641618497,70,1.0,0.0,357,1.0,0.0,87,1.0,0.0
random,sfone,3,attacked,2020-02,7972,3309,0.9425236242356865,0.8969530258146424,0.9929725931131412,247,1.0,0.9919028340080972,247,1.0,0.9919028340080972,196,0.9846938775510204,0.5153061224489796,413,1.0,0.559322033898305,178,1.0,0.5337078651685393,407,1.0,0.9803439803439803,321,1.0,0.9065420560747663,37,1.0,1.0,54,1.0,0.7407407407407407,23,1.0,1.0,119,1.0,0.9915966386554622,20,1.0,0.35,140,1.0,0.32857142857142857,233,1.0,0.6223175965665236,316,1.0,0.0,66,0.9696969696969697,0.0
random,sfone,3,attacked,2020-03,8567,3708,0.982049213392497,0.9884287454323996,0.975751503006012,258,1.0,0.9534883720930233,258,1.0,0.9534883720930233,199,0.9045226130653267,0.49748743718592964,328,1.0,0.7835365853658537,334,0.9970059880239521,0.4221556886227545,499,0.9899799599198397,0.9579158316633266,610,1.0,1.0,195,1.0,1.0,260,1.0,0.8461538461538461,131,1.0,1.0,314,1.0,0.9968152866242038,20,1.0,0.75,69,1.0,0.5942028985507246,70,1.0,0.6857142857142857,44,1.0,0.5681818181818182,55,0.9818181818181818,0.09090909090909091
random,sfone,3,attacked,2020-04,9841,4136,0.9817716661336745,0.9713140687618645,0.9924568965517241,274,1.0,1.0,274,1.0,1.0,252,0.9920634920634921,0.8174603174603174,705,0.9957446808510638,0.8397163120567376,119,1.0,0.7983193277310925,312,1.0,0.9775641025641025,356,1.0,1.0,209,1.0,1.0,304,1.0,0.9177631578947368,190,1.0,1.0,94,1.0,1.0,75,1.0,0.9333333333333333,84,1.0,0.8095238095238095,32,1.0,0.21875,7,nan,nan,52,1.0,0.40384615384615385
random,sfone,3,attacked,2020-05,11570,4628,0.9918025237174173,0.9955621301775148,0.9880712057258213,932,1.0,1.0,932,1.0,1.0,270,0.9518518518518518,0.7666666666666667,355,0.9971830985915493,0.9295774647887324,109,1.0,1.0,82,1.0,1.0,276,1.0,1.0,192,1.0,1.0,93,1.0,0.946236559139785,569,1.0,1.0,18,1.0,1.0,81,1.0,1.0,58,1.0,0.9137931034482759,181,1.0,0.30386740331491713,10,1.0,0.7,66,1.0,0.4090909090909091
random,sfone,3,attacked,2020-06,12399,5206,0.9927904503013828,0.9896324222431668,0.9959686981266304,1559,1.0,1.0,1559,1.0,1.0,199,0.9698492462311558,0.6130653266331658,99,1.0,0.9696969696969697,219,1.0,0.9726027397260274,269,1.0,1.0,30,1.0,0.9333333333333333,2,nan,nan,47,1.0,1.0,338,1.0,0.9970414201183432,145,1.0,1.0,13,1.0,0.9230769230769231,21,1.0,0.9523809523809523,139,1.0,0.9856115107913669,0,nan,nan,32,0.96875,0.71875
random,sfone,3,attacked,2020-07,11387,5826,0.9935871743486974,0.9945837512537613,0.9925925925925926,697,1.0,0.9928263988522238,697,1.0,0.9928263988522238,148,0.972972972972973,0.8783783783783784,73,1.0,0.9315068493150684,531,1.0,1.0,201,1.0,1.0,45,1.0,1.0,20,1.0,1.0,148,1.0,0.9864864864864865,74,1.0,1.0,205,1.0,1.0,262,1.0,0.916030534351145,52,1.0,0.9423076923076923,72,1.0,1.0,0,nan,nan,51,1.0,0.19607843137254902
random,sfone,3,attacked,2020-08,6337,6395,0.9951488134259866,0.9976340694006309,0.9926759089720115,166,1.0,1.0,166,1.0,1.0,46,0.9782608695652174,0.9130434782608695,75,1.0,0.8133333333333334,723,1.0,1.0,381,1.0,1.0,73,1.0,1.0,120,1.0,1.0,82,1.0,1.0,10,1.0,1.0,234,1.0,1.0,334,1.0,0.8652694610778443,18,1.0,0.7777777777777778,65,1.0,0.9384615384615385,1,nan,nan,91,1.0,0.23076923076923078
random,sfone,3,attacked,2020-09,8775,6712,0.9946383630594157,0.9962735642262166,0.9930085208651955,278,1.0,0.9820143884892086,278,1.0,0.9820143884892086,73,0.9178082191780822,0.821917808219178,62,1.0,0.9516129032258065,704,1.0,1.0,230,1.0,1.0,247,1.0,1.0,158,1.0,1.0,117,1.0,1.0,14,1.0,1.0,129,1.0,1.0,218,1.0,0.9908256880733946,22,1.0,1.0,116,1.0,0.896551724137931,1,nan,nan,88,1.0,0.375
uncertainty,wacatac,3,clean,2019-09,7524,844,0.9345664739884393,0.8808019176291131,0.9953213494213248,391,0.9974424552429667,0.9872122762148338,40,1.0,1.0,391,0.9974424552429667,0.9872122762148338,357,1.0,1.0,130,0.9615384615384616,0.9846153846153847,252,1.0,1.0,66,1.0,1.0,243,1.0,1.0,46,1.0,1.0,74,1.0,1.0,88,1.0,1.0,56,1.0,1.0,140,1.0,1.0,15,0.9333333333333333,1.0,5,nan,nan,116,1.0,1.0
uncertainty,wacatac,3,clean,2019-10,8474,1220,0.9767948578276501,0.9682505399568034,0.9854913167729171,385,0.9948051948051948,0.9896103896103896,63,1.0,1.0,385,0.9948051948051948,0.9896103896103896,508,0.9803149606299213,0.9803149606299213,91,1.0,1.0,290,1.0,1.0,37,1.0,1.0,185,1.0,1.0,75,1.0,1.0,161,1.0,1.0,78,1.0,1.0,31,1.0,1.0,139,1.0,1.0,28,1.0,1.0,47,1.0,1.0,126,1.0,0.9920634920634921
uncertainty,wacatac,3,clean,2019-11,6212,1644,0.9894148192530458,0.9856744926382809,0.9931836407377707,664,0.9984939759036144,0.9984939759036144,10,1.0,1.0,664,0.9984939759036144,0.9984939759036144,145,1.0,1.0,60,1.0,1.0,127,1.0,1.0,15,1.0,1.0,92,1.0,1.0,140,1.0,1.0,83,1.0,1.0,30,1.0,1.0,18,1.0,1.0,50,1.0,1.0,15,1.0,1.0,97,1.0,1.0,56,1.0,1.0
uncertainty,wacatac,3,clean,2019-12,10159,1955,0.9886699507389163,0.9835824552805685,0.9938103490963109,1288,1.0,1.0,81,1.0,1.0,1288,1.0,1.0,277,1.0,1.0,217,1.0,1.0,141,1.0,1.0,56,1.0,1.0,128,1.0,1.0,371,1.0,1.0,40,1.0,1.0,92,1.0,1.0,10,1.0,1.0,109,1.0,1.0,32,1.0,1.0,165,1.0,1.0,64,1.0,1.0
uncertainty,wacatac,3,clean,2020-01,10436,2463,0.9706263498920087,0.9461052631578948,0.9964523281596452,522,0.9923371647509579,0.9904214559386973,112,1.0,1.0,522,0.9923371647509579,0.9904214559386973,407,0.9975429975429976,0.9926289926289926,236,1.0,1.0,120,1.0,1.0,82,1.0,1.0,450,1.0,1.0,198,1.0,1.0,41,1.0,1.0,52,1.0,1.0,17,1.0,1.0,173,1.0,1.0,70,1.0,1.0,357,1.0,1.0,87,1.0,1.0
uncertainty,wacatac,3,clean,2020-02,7972,2985,0.97973917093619,0.9740680713128039,0.9854766924338253,196,0.9897959183673469,0.9540816326530612,247,1.0,1.0,196,0.9897959183673469,0.9540816326530612,413,1.0,1.0,178,1.0,1.0,407,0.9975429975429976,0.9975429975429976,321,1.0,1.0,37,1.0,1.0,54,1.0,1.0,23,1.0,1.0,119,1.0,1.0,20,1.0,1.0,140,1.0,1.0,233,1.0,1.0,316,1.0,0.9936708860759493,66,0.9696969696969697,0.9696969696969697
uncertainty,wacatac,3,clean,2020-03,8567,3384,0.9868073878627969,0.9995888157894737,0.9743486973947896,199,0.8743718592964824,0.8592964824120602,258,1.0,1.0,199,0.8743718592964824,0.8592964824120602,328,0.9969512195121951,0.9969512195121951,334,1.0,1.0,499,0.9899799599198397,0.9899799599198397,610,0.9983606557377049,0.9983606557377049,195,1.0,1.0,260,1.0,0.9807692307692307,131,1.0,1.0,314,0.9968152866242038,0.9968152866242038,20,1.0,0.95,69,1.0,1.0,70,1.0,1.0,44,1.0,1.0,55,0.9818181818181818,0.9818181818181818
uncertainty,wacatac,3,clean,2020-04,9841,3812,0.9955632507304404,0.9997826559443599,0.9913793103448276,252,0.9722222222222222,0.9603174603174603,274,1.0,1.0,252,0.9722222222222222,0.9603174603174603,705,0.9971631205673759,0.9971631205673759,119,1.0,1.0,312,1.0,1.0,356,1.0,1.0,209,1.0,1.0,304,1.0,0.9967105263157895,190,1.0,1.0,94,1.0,1.0,75,1.0,1.0,84,1.0,1.0,32,1.0,1.0,7,nan,nan,52,1.0,1.0
uncertainty,wacatac,3,clean,2020-05,11570,4304,0.996133308782913,0.9994457786809533,0.9928427234354927,270,0.9666666666666667,0.9555555555555556,932,1.0,1.0,270,0.9666666666666667,0.9555555555555556,355,1.0,1.0,109,1.0,1.0,82,1.0,1.0,276,1.0,1.0,192,1.0,1.0,93,1.0,1.0,569,1.0,1.0,18,1.0,1.0,81,1.0,1.0,58,1.0,1.0,181,1.0,1.0,10,1.0,1.0,66,1.0,1.0
uncertainty,wacatac,3,clean,2020-06,12399,4882,0.9971496437054632,0.9988103735427076,0.9954944273179985,199,0.9748743718592965,0.9698492462311558,1559,1.0,1.0,199,0.9748743718592965,0.9698492462311558,99,1.0,1.0,219,1.0,1.0,269,1.0,1.0,30,1.0,1.0,2,nan,nan,47,1.0,1.0,338,1.0,1.0,145,1.0,1.0,13,1.0,1.0,21,1.0,1.0,139,1.0,1.0,0,nan,nan,32,0.96875,0.9375
uncertainty,wacatac,3,clean,2020-07,11387,5502,0.9966884094330155,0.999195171026157,0.9941941941941942,148,0.972972972972973,0.972972972972973,697,1.0,1.0,148,0.972972972972973,0.972972972972973,73,1.0,1.0,531,1.0,1.0,201,1.0,1.0,45,1.0,1.0,20,1.0,1.0,148,1.0,1.0,74,1.0,1.0,205,1.0,1.0,262,1.0,1.0,52,1.0,1.0,72,1.0,1.0,0,nan,nan,51,1.0,1.0
uncertainty,wacatac,3,clean,2020-08,6337,6071,0.9989528795811519,0.9997380141472361,0.9981689772430029,46,1.0,1.0,166,1.0,1.0,46,1.0,1.0,75,1.0,1.0,723,1.0,1.0,381,1.0,1.0,73,1.0,1.0,120,1.0,1.0,82,1.0,1.0,10,1.0,1.0,234,1.0,1.0,334,1.0,1.0,18,1.0,1.0,65,1.0,1.0,1,nan,nan,91,1.0,1.0
uncertainty,wacatac,3,clean,2020-09,8775,6388,0.9977016526212105,0.999561403508772,0.9958488092637099,73,0.9726027397260274,0.958904109589041,278,1.0,1.0,73,0.9726027397260274,0.958904109589041,62,1.0,1.0,704,1.0,1.0,230,1.0,1.0,247,1.0,1.0,158,1.0,1.0,117,1.0,1.0,14,1.0,1.0,129,1.0,1.0,218,1.0,1.0,22,1.0,1.0,116,1.0,1.0,1,nan,nan,88,1.0,1.0
uncertainty,wacatac,3,attacked,2019-09,7524,844,0.9345664739884393,0.8808019176291131,0.9953213494213248,391,0.9974424552429667,0.9872122762148338,40,1.0,1.0,391,0.9974424552429667,0.9872122762148338,357,1.0,1.0,130,0.9615384615384616,0.9846153846153847,252,1.0,1.0,66,1.0,1.0,243,1.0,1.0,46,1.0,1.0,74,1.0,1.0,88,1.0,1.0,56,1.0,1.0,140,1.0,1.0,15,0.9333333333333333,1.0,5,nan,nan,116,1.0,1.0
uncertainty,wacatac,3,attacked,2019-10,8474,1295,0.9772727272727273,0.9715402998044753,0.9830732029017366,385,0.9922077922077922,0.6077922077922078,63,1.0,0.9841269841269841,385,0.9922077922077922,0.6077922077922078,508,0.9803149606299213,0.6633858267716536,91,0.989010989010989,0.0,290,1.0,0.9379310344827586,37,1.0,0.4864864864864865,185,1.0,1.0,75,1.0,0.28,161,1.0,0.9813664596273292,78,1.0,0.9743589743589743,31,1.0,0.4838709677419355,139,1.0,0.5755395683453237,28,1.0,0.42857142857142855,47,1.0,0.0,126,1.0,0.15079365079365079
uncertainty,wacatac,3,attacked,2019-11,6212,1804,0.98781705612143,0.9840827695980899,0.9915797914995991,664,0.9984939759036144,0.9412650602409639,10,1.0,1.0,664,0.9984939759036144,0.9412650602409639,145,1.0,0.903448275862069,60,1.0,0.8833333333333333,127,1.0,0.7480314960629921,15,1.0,0.9333333333333333,92,1.0,1.0,140,1.0,0.4,83,1.0,0.9397590361445783,30,1.0,1.0,18,1.0,0.6666666666666666,50,1.0,0.64,15,1.0,0.8,97,1.0,0.0,56,1.0,0.07142857142857142
uncertainty,wacatac,3,attacked,2019-12,10159,2177,0.9898890258939581,0.9859985261606485,0.9938103490963109,1288,1.0,0.9572981366459627,81,1.0,1.0,1288,1.0,0.9572981366459627,277,1.0,0.8086642599277978,217,1.0,0.3686635944700461,141,1.0,0.9716312056737588,56,1.0,0.9642857142857143,128,1.0,1.0,371,1.0,0.23450134770889489,40,1.0,1.0,92,1.0,1.0,10,1.0,0.8,109,1.0,0.6422018348623854,32,1.0,0.71875,165,1.0,0.006060606060606061,64,1.0,0.125
uncertainty,wacatac,3,attacked,2020-01,10436,2787,0.9711320142718132,0.9476682844481958,0.9957871396895787,522,0.9904214559386973,0.7528735632183908,112,1.0,0.9464285714285714,522,0.9904214559386973,0.7528735632183908,407,1.0,0.48402948402948404,236,1.0,0.3135593220338983,120,1.0,0.9083333333333333,82,1.0,0.7073170731707317,450,1.0,0.9844444444444445,198,1.0,0.09595959595959595,41,1.0,0.9512195121951219,52,1.0,1.0,17,1.0,0.4117647058823529,173,1.0,0.3699421965317919,70,1.0,0.6428571428571429,357,1.0,0.0,87,1.0,0.05747126436781609
uncertainty,wacatac,3,attacked,2020-02,7972,3309,0.9791496796738497,0.9738183503243745,0.9845397048489107,196,0.9846938775510204,0.8010204081632653,247,1.0,0.9959514170040485,196,0.9846938775510204,0.8010204081632653,413,1.0,0.7336561743341404,178,1.0,0.8651685393258427,407,0.9975429975429976,0.995085995085995,321,1.0,0.9750778816199377,37,1.0,1.0,54,1.0,0.6481481481481481,23,1.0,1.0,119,1.0,0.9915966386554622,20,1.0,0.35,140,1.0,0.5428571428571428,233,1.0,0.9570815450643777,316,1.0,0.0,66,0.9696969696969697,0.6212121212121212
uncertainty,wacatac,3,attacked,2020-03,8567,3708,0.9839789089434192,0.9958949096880131,0.9723446893787575,199,0.8743718592964824,0.7638190954773869,258,1.0,1.0,199,0.8743718592964824,0.7638190954773869,328,1.0,0.9390243902439024,334,1.0,1.0,499,0.9659318637274549,0.9619238476953907,610,1.0,0.9950819672131147,195,1.0,1.0,260,1.0,0.8730769230769231,131,1.0,1.0,314,1.0,1.0,20,1.0,0.75,69,1.0,0.7101449275362319,70,1.0,1.0,44,1.0,0.0,55,0.9818181818181818,0.7454545454545455
uncertainty,wacatac,3,attacked,2020-04,9841,4136,0.9959995675208131,0.9993490995877631,0.9926724137931034,252,0.9682539682539683,0.9365079365079365,274,1.0,1.0,252,0.9682539682539683,0.9365079365079365,705,0.9971631205673759,0.9460992907801419,119,1.0,1.0,312,1.0,1.0,356,1.0,1.0,209,1.0,1.0,304,1.0,0.9111842105263158,190,1.0,1.0,94,1.0,1.0,75,1.0,0.92,84,1.0,0.9880952380952381,32,1.0,1.0,7,nan,nan,52,1.0,0.9615384615384616
uncertainty,wacatac,3,attacked,2020-05,11570,4628,0.9965022091310751,0.9996306555863342,0.9933932831712241,270,0.9814814814814815,0.8703703703703703,932,1.0,0.9989270386266095,270,0.9814814814814815,0.8703703703703703,355,1.0,0.9859154929577465,109,1.0,1.0,82,1.0,1.0,276,1.0,1.0,192,1.0,1.0,93,1.0,0.9247311827956989,569,1.0,1.0,18,1.0,1.0,81,1.0,1.0,58,1.0,1.0,181,1.0,1.0,10,1.0,0.9,66,1.0,0.9696969696969697
uncertainty,wacatac,3,attacked,2020-06,12399,5206,0.9972687329295808,0.9988106565176023,0.9957315627223144,199,0.9698492462311558,0.8592964824120602,1559,1.0,1.0,199,0.9698492462311558,0.8592964824120602,99,1.0,1.0,219,1.0,1.0,269,1.0,1.0,30,1.0,1.0,2,nan,nan,47,1.0,0.9574468085106383,338,1.0,0.9970414201183432,145,1.0,1.0,13,1.0,0.9230769230769231,21,1.0,1.0,139,1.0,1.0,0,nan,nan,32,0.96875,0.90625
uncertainty,wacatac,3,attacked,2020-07,11387,5826,0.9969903691813804,0.9991956565453448,0.9947947947947948,148,0.9864864864864865,0.9594594594594594,697,1.0,1.0,148,0.9864864864864865,0.9594594594594594,73,1.0,1.0,531,1.0,1.0,201,1.0,1.0,45,1.0,1.0,20,1.0,1.0,148,1.0,1.0,74,1.0,1.0,205,1.0,1.0,262,1.0,0.9961832061068703,52,1.0,1.0,72,1.0,1.0,0,nan,nan,51,1.0,1.0
uncertainty,wacatac,3,attacked,2020-08,6337,6395,0.9989528795811519,0.9997380141472361,0.9981689772430029,46,1.0,1.0,166,1.0,1.0,46,1.0,1.0,75,1.0,1.0,723,1.0,1.0,381,1.0,1.0,73,1.0,1.0,120,1.0,1.0,82,1.0,1.0,10,1.0,1.0,234,1.0,1.0,334,1.0,1.0,18,1.0,1.0,65,1.0,1.0,1,nan,nan,91,1.0,1.0
uncertainty,wacatac,3,attacked,2020-09,8775,6712,0.997482762394659,0.9993421052631579,0.9956303255407473,73,0.9452054794520548,0.9315068493150684,278,1.0,1.0,73,0.9452054794520548,0.9315068493150684,62,1.0,1.0,704,1.0,1.0,230,1.0,1.0,247,1.0,1.0,158,1.0,1.0,117,1.0,1.0,14,1.0,1.0,129,1.0,1.0,218,1.0,1.0,22,1.0,1.0,116,1.0,1.0,1,nan,nan,88,1.0,1.0
uncertainty,sfone,3,clean,2019-09,7524,844,0.9345664739884393,0.8808019176291131,0.9953213494213248,40,1.0,1.0,40,1.0,1.0,391,0.9974424552429667,0.9872122762148338,357,1.0,1.0,130,0.9615384615384616,0.9846153846153847,252,1.0,1.0,66,1.0,1.0,243,1.0,1.0,46,1.0,1.0,74,1.0,1.0,88,1.0,1.0,56,1.0,1.0,140,1.0,1.0,15,0.9333333333333333,1.0,5,nan,nan,116,1.0,1.0
uncertainty,sfone,3,clean,2019-10,8474,1220,0.9767948578276501,0.9682505399568034,0.9854913167729171,63,1.0,1.0,63,1.0,1.0,385,0.9948051948051948,0.9896103896103896,508,0.9803149606299213,0.9803149606299213,91,1.0,1.0,290,1.0,1.0,37,1.0,1.0,185,1.0,1.0,75,1.0,1.0,161,1.0,1.0,78,1.0,1.0,31,1.0,1.0,139,1.0,1.0,28,1.0,1.0,47,1.0,1.0,126,1.0,0.9920634920634921
uncertainty,sfone,3,clean,2019-11,6212,1644,0.9894148192530458,0.9856744926382809,0.9931836407377707,10,1.0,1.0,10,1.0,1.0,664,0.9984939759036144,0.9984939759036144,145,1.0,1.0,60,1.0,1.0,127,1.0,1.0,15,1.0,1.0,92,1.0,1.0,140,1.0,1.0,83,1.0,1.0,30,1.0,1.0,18,1.0,1.0,50,1.0,1.0,15,1.0,1.0,97,1.0,1.0,56,1.0,1.0
uncertainty,sfone,3,clean,2019-12,10159,1955,0.9886699507389163,0.9835824552805685,0.9938103490963109,81,1.0,1.0,81,1.0,1.0,1288,1.0,1.0,277,1.0,1.0,217,1.0,1.0,141,1.0,1.0,56,1.0,1.0,128,1.0,1.0,371,1.0,1.0,40,1.0,1.0,92,1.0,1.0,10,1.0,1.0,109,1.0,1.0,32,1.0,1.0,165,1.0,1.0,64,1.0,1.0
uncertainty,sfone,3,clean,2020-01,10436,2463,0.9706263498920087,0.9461052631578948,0.9964523281596452,112,1.0,1.0,112,1.0,1.0,522,0.9923371647509579,0.9904214559386973,407,0.9975429975429976,0.9926289926289926,236,1.0,1.0,120,1.0,1.0,82,1.0,1.0,450,1.0,1.0,198,1.0,1.0,41,1.0,1.0,52,1.0,1.0,17,1.0,1.0,173,1.0,1.0,70,1.0,1.0,357,1.0,1.0,87,1.0,1.0
uncertainty,sfone,3,clean,2020-02,7972,2985,0.97973917093619,0.9740680713128039,0.9854766924338253,247,1.0,1.0,247,1.0,1.0,196,0.9897959183673469,0.9540816326530612,413,1.0,1.0,178,1.0,1.0,407,0.9975429975429976,0.9975429975429976,321,1.0,1.0,37,1.0,1.0,54,1.0,1.0,23,1.0,1.0,119,1.0,1.0,20,1.0,1.0,140,1.0,1.0,233,1.0,1.0,316,1.0,0.9936708860759493,66,0.9696969696969697,0.9696969696969697
uncertainty,sfone,3,clean,2020-03,8567,3384,0.9868073878627969,0.9995888157894737,0.9743486973947896,258,1.0,1.0,258,1.0,1.0,199,0.8743718592964824,0.8592964824120602,328,0.9969512195121951,0.9969512195121951,334,1.0,1.0,499,0.9899799599198397,0.9899799599198397,610,0.9983606557377049,0.9983606557377049,195,1.0,1.0,260,1.0,0.9807692307692307,131,1.0,1.0,314,0.9968152866242038,0.9968152866242038,20,1.0,0.95,69,1.0,1.0,70,1.0,1.0,44,1.0,1.0,55,0.9818181818181818,0.9818181818181818
uncertainty,sfone,3,clean,2020-04,9841,3812,0.9955632507304404,0.9997826559443599,0.9913793103448276,274,1.0,1.0,274,1.0,1.0,252,0.9722222222222222,0.9603174603174603,705,0.9971631205673759,0.9971631205673759,119,1.0,1.0,312,1.0,1.0,356,1.0,1.0,209,1.0,1.0,304,1.0,0.9967105263157895,190,1.0,1.0,94,1.0,1.0,75,1.0,1.0,84,1.0,1.0,32,1.0,1.0,7,nan,nan,52,1.0,1.0
uncertainty,sfone,3,clean,2020-05,11570,4304,0.996133308782913,0.9994457786809533,0.9928427234354927,932,1.0,1.0,932,1.0,1.0,270,0.9666666666666667,0.9555555555555556,355,1.0,1.0,109,1.0,1.0,82,1.0,1.0,276,1.0,1.0,192,1.0,1.0,93,1.0,1.0,569,1.0,1.0,18,1.0,1.0,81,1.0,1.0,58,1.0,1.0,181,1.0,1.0,10,1.0,1.0,66,1.0,1.0
uncertainty,sfone,3,clean,2020-06,12399,4882,0.9971496437054632,0.9988103735427076,0.9954944273179985,1559,1.0,1.0,1559,1.0,1.0,199,0.9748743718592965,0.9698492462311558,99,1.0,1.0,219,1.0,1.0,269,1.0,1.0,30,1.0,1.0,2,nan,nan,47,1.0,1.0,338,1.0,1.0,145,1.0,1.0,13,1.0,1.0,21,1.0,1.0,139,1.0,1.0,0,nan,nan,32,0.96875,0.9375
uncertainty,sfone,3,clean,2020-07,11387,5502,0.9966884094330155,0.999195171026157,0.9941941941941942,697,1.0,1.0,697,1.0,1.0,148,0.972972972972973,0.972972972972973,73,1.0,1.0,531,1.0,1.0,201,1.0,1.0,45,1.0,1.0,20,1.0,1.0,148,1.0,1.0,74,1.0,1.0,205,1.0,1.0,262,1.0,1.0,52,1.0,1.0,72,1.0,1.0,0,nan,nan,51,1.0,1.0
uncertainty,sfone,3,clean,2020-08,6337,6071,0.9989528795811519,0.9997380141472361,0.9981689772430029,166,1.0,1.0,166,1.0,1.0,46,1.0,1.0,75,1.0,1.0,723,1.0,1.0,381,1.0,1.0,73,1.0,1.0,120,1.0,1.0,82,1.0,1.0,10,1.0,1.0,234,1.0,1.0,334,1.0,1.0,18,1.0,1.0,65,1.0,1.0,1,nan,nan,91,1.0,1.0
uncertainty,sfone,3,clean,2020-09,8775,6388,0.9977016526212105,0.999561403508772,0.9958488092637099,278,1.0,1.0,278,1.0,1.0,73,0.9726027397260274,0.958904109589041,62,1.0,1.0,704,1.0,1.0,230,1.0,1.0,247,1.0,1.0,158,1.0,1.0,117,1.0,1.0,14,1.0,1.0,129,1.0,1.0,218,1.0,1.0,22,1.0,1.0,116,1.0,1.0,1,nan,nan,88,1.0,1.0
uncertainty,sfone,3,attacked,2019-09,7524,844,0.9345664739884393,0.8808019176291131,0.9953213494213248,40,1.0,1.0,40,1.0,1.0,391,0.9974424552429667,0.9872122762148338,357,1.0,1.0,130,0.9615384615384616,0.9846153846153847,252,1.0,1.0,66,1.0,1.0,243,1.0,1.0,46,1.0,1.0,74,1.0,1.0,88,1.0,1.0,56,1.0,1.0,140,1.0,1.0,15,0.9333333333333333,1.0,5,nan,nan,116,1.0,1.0
uncertainty,sfone,3,attacked,2019-10,8474,1295,0.9772727272727273,0.9715402998044753,0.9830732029017366,63,1.0,0.9841269841269841,63,1.0,0.9841269841269841,385,0.9922077922077922,0.6077922077922078,508,0.9803149606299213,0.6633858267716536,91,0.989010989010989,0.0,290,1.0,0.9379310344827586,37,1.0,0.4864864864864865,185,1.0,1.0,75,1.0,0.28,161,1.0,0.9813664596273292,78,1.0,0.9743589743589743,31,1.0,0.4838709677419355,139,1.0,0.5755395683453237,28,1.0,0.42857142857142855,47,1.0,0.0,126,1.0,0.15079365079365079
uncertainty,sfone,3,attacked,2019-11,6212,1804,0.98781705612143,0.9840827695980899,0.9915797914995991,10,1.0,1.0,10,1.0,1.0,664,0.9984939759036144,0.9412650602409639,145,1.0,0.903448275862069,60,1.0,0.8833333333333333,127,1.0,0.7480314960629921,15,1.0,0.9333333333333333,92,1.0,1.0,140,1.0,0.4,83,1.0,0.9397590361445783,30,1.0,1.0,18,1.0,0.6666666666666666,50,1.0,0.64,15,1.0,0.8,97,1.0,0.0,56,1.0,0.07142857142857142
uncertainty,sfone,3,attacked,2019-12,10159,2177,0.9898890258939581,0.9859985261606485,0.9938103490963109,81,1.0,1.0,81,1.0,1.0,1288,1.0,0.9572981366459627,277,1.0,0.8086642599277978,217,1.0,0.3686635944700461,141,1.0,0.9716312056737588,56,1.0,0.9642857142857143,128,1.0,1.0,371,1.0,0.23450134770889489,40,1.0,1.0,92,1.0,1.0,10,1.0,0.8,109,1.0,0.6422018348623854,32,1.0,0.71875,165,1.0,0.006060606060606061,64,1.0,0.125
uncertainty,sfone,3,attacked,2020-01,10436,2787,0.9711320142718132,0.9476682844481958,0.9957871396895787,112,1.0,0.9464285714285714,112,1.0,0.9464285714285714,522,0.9904214559386973,0.7528735632183908,407,1.0,0.48402948402948404,236,1.0,0.3135593220338983,120,1.0,0.9083333333333333,82,1.0,0.7073170731707317,450,1.0,0.9844444444444445,198,1.0,0.09595959595959595,41,1.0,0.9512195121951219,52,1.0,1.0,17,1.0,0.4117647058823529,173,1.0,0.3699421965317919,70,1.0,0.6428571428571429,357,1.0,0.0,87,1.0,0.05747126436781609
uncertainty,sfone,3,attacked,2020-02,7972,3309,0.9791496796738497,0.9738183503243745,0.9845397048489107,247,1.0,0.9959514170040485,247,1.0,0.9959514170040485,196,0.9846938775510204,0.8010204081632653,413,1.0,0.7336561743341404,178,1.0,0.8651685393258427,407,0.9975429975429976,0.995085995085995,321,1.0,0.9750778816199377,37,1.0,1.0,54,1.0,0.6481481481481481,23,1.0,1.0,119,1.0,0.9915966386554622,20,1.0,0.35,140,1.0,0.5428571428571428,233,1.0,0.9570815450643777,316,1.0,0.0,66,0.9696969696969697,0.6212121212121212
uncertainty,sfone,3,attacked,2020-03,8567,3708,0.9839789089434192,0.9958949096880131,0.9723446893787575,258,1.0,1.0,258,1.0,1.0,199,0.8743718592964824,0.7638190954773869,328,1.0,0.9390243902439024,334,1.0,1.0,499,0.9659318637274549,0.9619238476953907,610,1.0,0.9950819672131147,195,1.0,1.0,260,1.0,0.8730769230769231,131,1.0,1.0,314,1.0,1.0,20,1.0,0.75,69,1.0,0.7101449275362319,70,1.0,1.0,44,1.0,0.0,55,0.9818181818181818,0.7454545454545455
uncertainty,sfone,3,attacked,2020-04,9841,4136,0.9959995675208131,0.9993490995877631,0.9926724137931034,274,1.0,1.0,274,1.0,1.0,252,0.9682539682539683,0.9365079365079365,705,0.9971631205673759,0.9460992907801419,119,1.0,1.0,312,1.0,1.0,356,1.0,1.0,209,1.0,1.0,304,1.0,0.9111842105263158,190,1.0,1.0,94,1.0,1.0,75,1.0,0.92,84,1.0,0.9880952380952381,32,1.0,1.0,7,nan,nan,52,1.0,0.9615384615384616
uncertainty,sfone,3,attacked,2020-05,11570,4628,0.9965022091310751,0.9996306555863342,0.9933932831712241,932,1.0,0.9989270386266095,932,1.0,0.9989270386266095,270,0.9814814814814815,0.8703703703703703,355,1.0,0.9859154929577465,109,1.0,1.0,82,1.0,1.0,276,1.0,1.0,192,1.0,1.0,93,1.0,0.9247311827956989,569,1.0,1.0,18,1.0,1.0,81,1.0,1.0,58,1.0,1.0,181,1.0,1.0,10,1.0,0.9,66,1.0,0.9696969696969697
uncertainty,sfone,3,attacked,2020-06,12399,5206,0.9972687329295808,0.9988106565176023,0.9957315627223144,1559,1.0,1.0,1559,1.0,1.0,199,0.9698492462311558,0.8592964824120602,99,1.0,1.0,219,1.0,1.0,269,1.0,1.0,30,1.0,1.0,2,nan,nan,47,1.0,0.9574468085106383,338,1.0,0.9970414201183432,145,1.0,1.0,13,1.0,0.9230769230769231,21,1.0,1.0,139,1.0,1.0,0,nan,nan,32,0.96875,0.90625
uncertainty,sfone,3,attacked,2020-07,11387,5826,0.9969903691813804,0.9991956565453448,0.9947947947947948,697,1.0,1.0,697,1.0,1.0,148,0.9864864864864865,0.9594594594594594,73,1.0,1.0,531,1.0,1.0,201,1.0,1.0,45,1.0,1.0,20,1.0,1.0,148,1.0,1.0,74,1.0,1.0,205,1.0,1.0,262,1.0,0.9961832061068703,52,1.0,1.0,72,1.0,1.0,0,nan,nan,51,1.0,1.0
uncertainty,sfone,3,attacked,2020-08,6337,6395,0.9989528795811519,0.9997380141472361,0.9981689772430029,166,1.0,1.0,166,1.0,1.0,46,1.0,1.0,75,1.0,1.0,723,1.0,1.0,381,1.0,1.0,73,1.0,1.0,120,1.0,1.0,82,1.0,1.0,10,1.0,1.0,234,1.0,1.0,334,1.0,1.0,18,1.0,1.0,65,1.0,1.0,1,nan,nan,91,1.0,1.0
uncertainty,sfone,3,attacked,2020-09,8775,6712,0.997482762394659,0.9993421052631579,0.9956303255407473,278,1.0,1.0,278,1.0,1.0,73,0.9452054794520548,0.9315068493150684,62,1.0,1.0,704,1.0,1.0,230,1.0,1.0,247,1.0,1.0,158,1.0,1.0,117,1.0,1.0,14,1.0,1.0,129,1.0,1.0,218,1.0,1.0,22,1.0,1.0,116,1.0,1.0,1,nan,nan,88,1.0,1.0
random,wacatac,4,clean,2019-09,7524,844,0.9345664739884393,0.8808019176291131,0.9953213494213248,391,0.9974424552429667,0.9872122762148338,40,1.0,1.0,391,0.9974424552429667,0.9872122762148338,357,1.0,1.0,130,0.9615384615384616,0.9846153846153847,252,1.0,1.0,66,1.0,1.0,243,1.0,1.0,46,1.0,1.0,74,1.0,1.0,88,1.0,1.0,56,1.0,1.0,140,1.0,1.0,15,0.9333333333333333,1.0,5,nan,nan,116,1.0,1.0
random,wacatac,4,clean,2019-10,8474,1220,0.9759896171317326,0.9606131573344688,0.9918663442514838,385,0.9922077922077922,0.9922077922077922,63,1.0,1.0,385,0.9922077922077922,0.9922077922077922,508,1.0,1.0,91,1.0,1.0,290,1.0,1.0,37,1.0,1.0,185,1.0,1.0,75,1.0,1.0,161,1.0,1.0,78,1.0,1.0,31,1.0,1.0,139,1.0,1.0,28,1.0,1.0,47,1.0,1.0,126,0.9920634920634921,0.9920634920634921
random,wacatac,4,clean,2019-11,6212,1644,0.9726969161264978,0.9534077782056218,0.9927826784282278,664,0.9984939759036144,0.9984939759036144,10,1.0,1.0,664,0.9984939759036144,0.9984939759036144,145,1.0,1.0,60,1.0,1.0,127,1.0,1.0,15,1.0,1.0,92,1.0,1.0,140,1.0,1.0,83,1.0,1.0,30,1.0,1.0,18,1.0,1.0,50,1.0,1.0,15,1.0,1.0,97,1.0,1.0,56,0.9821428571428571,1.0
random,wacatac,4,clean,2019-12,10159,1955,0.97580547112462,0.9586717630195891,0.9935627630601634,1288,1.0,0.9984472049689441,81,1.0,1.0,1288,1.0,0.9984472049689441,277,1.0,1.0,217,1.0,1.0,141,1.0,1.0,56,1.0,1.0,128,1.0,1.0,371,1.0,1.0,40,1.0,1.0,92,1.0,1.0,10,1.0,1.0,109,1.0,1.0,32,1.0,1.0,165,1.0,1.0,64,1.0,1.0
random,wacatac,4,clean,2020-01,10436,2463,0.919234312621558,0.8537744818406541,0.9955654101995566,522,0.9942528735632183,0.9923371647509579,112,1.0,1.0,522,0.9942528735632183,0.9923371647509579,407,1.0,1.0,236,1.0,1.0,120,1.0,1.0,82,1.0,1.0,450,1.0,1.0,198,1.0,1.0,41,1.0,1.0,52,1.0,1.0,17,1.0,1.0,173,1.0,1.0,70,1.0,1.0,357,1.0,1.0,87,1.0,1.0
random,wacatac,4,clean,2020-02,7972,2985,0.9394446303111409,0.896551724137931,0.9866479269149684,196,0.9897959183673469,0.9897959183673469,247,1.0,1.0,196,0.9897959183673469,0.9897959183673469,413,1.0,1.0,178,1.0,1.0,407,1.0,1.0,321,1.0,1.0,37,1.0,1.0,54,1.0,1.0,23,1.0,1.0,119,1.0,1.0,20,1.0,1.0,140,1.0,1.0,233,1.0,1.0,316,1.0,1.0,66,0.9696969696969697,0.9696969696969697
random,wacatac,4,clean,2020-03,8567,3384,0.9852525252525253,0.9932790224032586,0.9773547094188377,199,0.8994974874371859,0.8944723618090452,258,1.0,1.0,199,0.8994974874371859,0.8944723618090452,328,1.0,0.9969512195121951,334,1.0,1.0,499,0.9899799599198397,0.9899799599198397,610,1.0,1.0,195,1.0,1.0,260,1.0,1.0,131,1.0,1.0,314,1.0,1.0,20,1.0,1.0,69,1.0,1.0,70,1.0,1.0,44,1.0,1.0,55,0.9818181818181818,0.9818181818181818
random,wacatac,4,clean,2020-04,9841,3812,0.9900926125349989,0.9894532931554025,0.9907327586206897,252,0.9801587301587301,0.9920634920634921,274,1.0,1.0,252,0.9801587301587301,0.9920634920634921,705,0.9943262411347518,0.9900709219858156,119,1.0,1.0,312,1.0,1.0,356,1.0,1.0,209,1.0,1.0,304,1.0,1.0,190,1.0,1.0,94,1.0,1.0,75,1.0,1.0,84,1.0,1.0,32,1.0,1.0,7,nan,nan,52,1.0,1.0
random,wacatac,4,clean,2020-05,11570,4304,0.9924382146809295,0.9974050046339203,0.9875206459900899,270,0.9592592592592593,0.9555555555555556,932,1.0,1.0,270,0.9592592592592593,0.9555555555555556,355,1.0,1.0,109,1.0,1.0,82,1.0,1.0,276,1.0,1.0,192,1.0,1.0,93,1.0,1.0,569,1.0,1.0,18,1.0,1.0,81,1.0,1.0,58,1.0,1.0,181,1.0,1.0,10,1.0,1.0,66,1.0,1.0
random,wacatac,4,clean,2020-06,12399,4882,0.9943154902889626,0.9931393423231606,0.9954944273179985,199,0.9698492462311558,0.9698492462311558,1559,1.0,1.0,199,0.9698492462311558,0.9698492462311558,99,1.0,1.0,219,1.0,1.0,269,1.0,1.0,30,1.0,1.0,2,nan,nan,47,1.0,1.0,338,1.0,1.0,145,1.0,1.0,13,1.0,1.0,21,1.0,1.0,139,1.0,1.0,0,nan,nan,32,0.96875,0.96875
random,wacatac,4,clean,2020-07,11387,5502,0.994588093806374,0.9957856712823601,0.9933933933933934,148,0.9797297297297297,0.9797297297297297,697,1.0,1.0,148,0.9797297297297297,0.9797297297297297,73,1.0,1.0,531,1.0,1.0,201,1.0,1.0,45,1.0,1.0,20,1.0,1.0,148,1.0,1.0,74,1.0,1.0,205,1.0,1.0,262,1.0,1.0,52,1.0,1.0,72,1.0,1.0,0,nan,nan,51,1.0,1.0
random,wacatac,4,clean,2020-08,6337,6071,0.9956709956709957,0.9986842105263158,0.9926759089720115,46,0.9782608695652174,0.9782608695652174,166,1.0,1.0,46,0.9782608695652174,0.9782608695652174,75,1.0,1.0,723,1.0,1.0,381,1.0,1.0,73,1.0,1.0,120,1.0,1.0,82,1.0,1.0,10,1.0,1.0,234,1.0,1.0,334,1.0,1.0,18,1.0,1.0,65,1.0,1.0,1,nan,nan,91,1.0,1.0
random,wacatac,4,clean,2020-09,8775,6388,0.9930913477354973,0.9969176574196389,0.9892942975748307,73,0.9452054794520548,0.958904109589041,278,1.0,1.0,73,0.9452054794520548,0.958904109589041,62,1.0,1.0,704,1.0,1.0,230,1.0,1.0,247,1.0,1.0,158,1.0,1.0,117,1.0,1.0,14,1.0,1.0,129,1.0,1.0,218,1.0,1.0,22,1.0,1.0,116,1.0,1.0,1,nan,nan,88,1.0,1.0
random,wacatac,4,attacked,2019-09,7524,844,0.9345664739884393,0.8808019176291131,0.9953213494213248,391,0.9974424552429667,0.9872122762148338,40,1.0,1.0,391,0.9974424552429667,0.9872122762148338,357,1.0,1.0,130,0.9615384615384616,0.9846153846153847,252,1.0,1.0,66,1.0,1.0,243,1.0,1.0,46,1.0,1.0,74,1.0,1.0,88,1.0,1.0,56,1.0,1.0,140,1.0,1.0,15,0.9333333333333333,1.0,5,nan,nan,116,1.0,1.0
random,wacatac,4,attacked,2019-10,8474,1295,0.9753822795792213,0.962542808219178,0.9885689162453286,385,0.9922077922077922,0.5064935064935064,63,1.0,0.1111111111111111,385,0.9922077922077922,0.5064935064935064,508,1.0,0.28937007874015747,91,1.0,0.0,290,1.0,0.05862068965517241,37,1.0,0.1891891891891892,185,1.0,0.9297297297297298,75,1.0,0.17333333333333334,161,1.0,0.08695652173913043,78,1.0,0.5128205128205128,31,1.0,0.06451612903225806,139,1.0,0.39568345323741005,28,1.0,0.0,47,1.0,0.0,126,0.9920634920634921,0.0
random,wacatac,4,attacked,2019-11,6212,1804,0.9757061031009283,0.9614636045153756,0.9903769045709703,664,0.9984939759036144,0.46536144578313254,10,1.0,0.0,664,0.9984939759036144,0.46536144578313254,145,1.0,0.006896551724137931,60,1.0,0.0,127,1.0,0.0,15,1.0,0.0,92,1.0,0.33695652173913043,140,1.0,0.02142857142857143,83,1.0,0.03614457831325301,30,1.0,0.0,18,1.0,0.0,50,1.0,0.08,15,1.0,0.0,97,1.0,0.0,56,1.0,0.0
random,wacatac,4,attacked,2019-12,10159,2177,0.974757281553398,0.9559628659842895,0.994305521168606,1288,1.0,0.3385093167701863,81,1.0,0.0,1288,1.0,0.3385093167701863,277,1.0,0.04693140794223827,217,1.0,0.0,141,1.0,0.014184397163120567,56,1.0,0.03571428571428571,128,1.0,0.1875,371,1.0,0.005390835579514825,40,1.0,0.15,92,1.0,0.2391304347826087,10,1.0,0.1,109,1.0,0.08256880733944955,32,1.0,0.0,165,1.0,0.0,64,1.0,0.0
random,wacatac,4,attacked,2020-01,10436,2787,0.9204755072760812,0.8557545731707317,0.9957871396895787,522,0.9942528735632183,0.5823754789272031,112,1.0,0.03571428571428571,522,0.9942528735632183,0.5823754789272031,407,1.0,0.11793611793611794,236,1.0,0.0,120,1.0,0.175,82,1.0,0.0975609756097561,450,1.0,0.8222222222222222,198,1.0,0.06060606060606061,41,1.0,0.9512195121951219,52,1.0,0.2692307692307692,17,1.0,0.058823529411764705,173,1.0,0.1907514450867052,70,1.0,0.0,357,1.0,0.0,87,1.0,0.022988505747126436
random,wacatac,4,attacked,2020-02,7972,3309,0.9385113268608414,0.8962063086104007,0.985008198641368,196,0.9744897959183674,0.7346938775510204,247,1.0,0.3522267206477733,196,0.9744897959183674,0.7346938775510204,413,1.0,0.4213075060532688,178,1.0,0.06741573033707865,407,1.0,0.9828009828009828,321,1.0,0.9719626168224299,37,1.0,1.0,54,1.0,0.6851851851851852,23,1.0,1.0,119,1.0,0.9915966386554622,20,1.0,0.25,140,1.0,0.2571428571428571,233,1.0,0.0,316,1.0,0.0,66,0.9696969696969697,0.5
random,wacatac,4,attacked,2020-03,8567,3708,0.9823392875163992,0.9894287456800163,0.9753507014028057,199,0.8994974874371859,0.5678391959798995,258,1.0,0.9186046511627907,199,0.8994974874371859,0.5678391959798995,328,1.0,0.7987804878048781,334,1.0,0.8473053892215568,499,0.9899799599198397,0.9579158316633266,610,1.0,0.9983606557377049,195,1.0,1.0,260,1.0,0.8192307692307692,131,1.0,1.0,314,1.0,0.9968152866242038,20,1.0,0.75,69,1.0,0.3188405797101449,70,1.0,0.6714285714285714,44,1.0,0.25,55,0.9818181818181818,0.509090909090909
random,wacatac,4,attacked,2020-04,9841,4136,0.9877682403433476,0.9835470085470085,0.9920258620689655,252,0.9801587301587301,0.8055555555555556,274,1.0,0.9781021897810219,252,0.9801587301587301,0.8055555555555556,705,1.0,0.7815602836879433,119,1.0,0.8235294117647058,312,1.0,0.9775641025641025,356,1.0,0.9943820224719101,209,1.0,1.0,304,1.0,0.7763157894736842,190,1.0,1.0,94,1.0,1.0,75,1.0,0.9066666666666666,84,1.0,0.4166666666666667,32,1.0,0.15625,7,nan,nan,52,1.0,0.4423076923076923
random,wacatac,4,attacked,2020-05,11570,4628,0.9916167664670659,0.9955604883462819,0.9877041659020004,270,0.9629629629629629,0.7888888888888889,932,1.0,0.9978540772532188,270,0.9629629629629629,0.7888888888888889,355,1.0,0.9323943661971831,109,1.0,1.0,82,1.0,0.9878048780487805,276,1.0,1.0,192,1.0,1.0,93,1.0,0.8064516129032258,569,1.0,1.0,18,1.0,1.0,81,1.0,1.0,58,1.0,0.5689655172413793,181,1.0,0.06077348066298342,10,1.0,0.0,66,1.0,0.8636363636363636
random,wacatac,4,attacked,2020-06,12399,5206,0.9933633562455558,0.9928926794598436,0.9938344794877876,199,0.9698492462311558,0.8190954773869347,1559,1.0,1.0,199,0.9698492462311558,0.8190954773869347,99,1.0,0.9696969696969697,219,1.0,0.9726027397260274,269,1.0,0.9776951672862454,30,1.0,0.9333333333333333,2,nan,nan,47,1.0,0.7872340425531915,338,1.0,1.0,145,1.0,1.0,13,1.0,0.9230769230769231,21,1.0,0.6666666666666666,139,1.0,0.03597122302158273,0,nan,nan,32,0.96875,0.75
random,wacatac,4,attacked,2020-07,11387,5826,0.991056175258768,0.994955609362389,0.9871871871871872,148,0.9594594594594594,0.8445945945945946,697,1.0,0.9813486370157819,148,0.9594594594594594,0.8445945945945946,73,1.0,0.8356164383561644,531,1.0,0.9962335216572504,201,1.0,1.0,45,1.0,1.0,20,1.0,1.0,148,1.0,0.8445945945945946,74,1.0,1.0,205,1.0,1.0,262,1.0,0.9465648854961832,52,1.0,0.5,72,1.0,0.2222222222222222,0,nan,nan,51,1.0,0.8823529411764706
random,wacatac,4,attacked,2020-08,6337,6395,0.995279307631786,0.9978963975808572,0.9926759089720115,46,0.9782608695652174,0.6739130434782609,166,1.0,1.0,46,0.9782608695652174,0.6739130434782609,75,1.0,0.8133333333333334,723,1.0,0.9986168741355463,381,1.0,1.0,73,1.0,1.0,120,1.0,1.0,82,1.0,0.9512195121951219,10,1.0,1.0,234,1.0,1.0,334,1.0,1.0,18,1.0,0.7222222222222222,65,1.0,0.7076923076923077,1,nan,nan,91,1.0,0.978021978021978
random,wacatac,4,attacked,2020-09,8775,6712,0.9936431389741341,0.996921046844073,0.9903867161896439,73,0.9315068493150684,0.7534246575342466,278,1.0,0.9928057553956835,73,0.9315068493150684,0.7534246575342466,62,1.0,0.9516129032258065,704,1.0,1.0,230,1.0,1.0,247,1.0,1.0,158,1.0,1.0,117,1.0,0.9487179487179487,14,1.0,1.0,129,1.0,1.0,218,1.0,1.0,22,1.0,1.0,116,1.0,0.853448275862069,1,nan,nan,88,1.0,0.8409090909090909
random,sfone,4,clean,2019-09,7524,844,0.9345664739884393,0.8808019176291131,0.9953213494213248,40,1.0,1.0,40,1.0,1.0,391,0.9974424552429667,0.9872122762148338,357,1.0,1.0,130,0.9615384615384616,0.9846153846153847,252,1.0,1.0,66,1.0,1.0,243,1.0,1.0,46,1.0,1.0,74,1.0,1.0,88,1.0,1.0,56,1.0,1.0,140,1.0,1.0,15,0.9333333333333333,1.0,5,nan,nan,116,1.0,1.0
random,sfone,4,clean,2019-10,8474,1220,0.9759896171317326,0.9606131573344688,0.9918663442514838,63,1.0,1.0,63,1.0,1.0,385,0.9922077922077922,0.9922077922077922,508,1.0,1.0,91,1.0,1.0,290,1.0,1.0,37,1.0,1.0,185,1.0,1.0,75,1.0,1.0,161,1.0,1.0,78,1.0,1.0,31,1.0,1.0,139,1.0,1.0,28,1.0,1.0,47,1.0,1.0,126,0.9920634920634921,0.9920634920634921
random,sfone,4,clean,2019-11,6212,1644,0.9726969161264978,0.9534077782056218,0.9927826784282278,10,1.0,1.0,10,1.0,1.0,664,0.9984939759036144,0.9984939759036144,145,1.0,1.0,60,1.0,1.0,127,1.0,1.0,15,1.0,1.0,92,1.0,1.0,140,1.0,1.0,83,1.0,1.0,30,1.0,1.0,18,1.0,1.0,50,1.0,1.0,15,1.0,1.0,97,1.0,1.0,56,0.9821428571428571,1.0
random,sfone,4,clean,2019-12,10159,1955,0.97580547112462,0.9586717630195891,0.9935627630601634,81,1.0,1.0,81,1.0,1.0,1288,1.0,0.9984472049689441,277,1.0,1.0,217,1.0,1.0,141,1.0,1.0,56,1.0,1.0,128,1.0,1.0,371,1.0,1.0,40,1.0,1.0,92,1.0,1.0,10,1.0,1.0,109,1.0,1.0,32,1.0,1.0,165,1.0,1.0,64,1.0,1.0
random,sfone,4,clean,2020-01,10436,2463,0.919234312621558,0.8537744818406541,0.9955654101995566,112,1.0,1.0,112,1.0,1.0,522,0.9942528735632183,0.9923371647509579,407,1.0,1.0,236,1.0,1.0,120,1.0,1.0,82,1.0,1.0,450,1.0,1.0,198,1.0,1.0,41,1.0,1.0,52,1.0,1.0,17,1.0,1.0,173,1.0,1.0,70,1.0,1.0,357,1.0,1.0,87,1.0,1.0
random,sfone,4,clean,2020-02,7972,2985,0.9394446303111409,0.896551724137931,0.9866479269149684,247,1.0,1.0,247,1.0,1.0,196,0.9897959183673469,0.9897959183673469,413,1.0,1.0,178,1.0,1.0,407,1.0,1.0,321,1.0,1.0,37,1.0,1.0,54,1.0,1.0,23,1.0,1.0,119,1.0,1.0,20,1.0,1.0,140,1.0,1.0,233,1.0,1.0,316,1.0,1.0,66,0.9696969696969697,0.9696969696969697
random,sfone,4,clean,2020-03,8567,3384,0.9852525252525253,0.9932790224032586,0.9773547094188377,258,1.0,1.0,258,1.0,1.0,199,0.8994974874371859,0.8944723618090452,328,1.0,0.9969512195121951,334,1.0,1.0,499,0.9899799599198397,0.9899799599198397,610,1.0,1.0,195,1.0,1.0,260,1.0,1.0,131,1.0,1.0,314,1.0,1.0,20,1.0,1.0,69,1.0,1.0,70,1.0,1.0,44,1.0,1.0,55,0.9818181818181818,0.9818181818181818
random,sfone,4,clean,2020-04,9841,3812,0.9900926125349989,0.9894532931554025,0.9907327586206897,274,1.0,1.0,274,1.0,1.0,252,0.9801587301587301,0.9920634920634921,705,0.9943262411347518,0.9900709219858156,119,1.0,1.0,312,1.0,1.0,356,1.0,1.0,209,1.0,1.0,304,1.0,1.0,190,1.0,1.0,94,1.0,1.0,75,1.0,1.0,84,1.0,1.0,32,1.0,1.0,7,nan,nan,52,1.0,1.0
random,sfone,4,clean,2020-05,11570,4304,0.9924382146809295,0.9974050046339203,0.9875206459900899,932,1.0,1.0,932,1.0,1.0,270,0.9592592592592593,0.9555555555555556,355,1.0,1.0,109,1.0,1.0,82,1.0,1.0,276,1.0,1.0,192,1.0,1.0,93,1.0,1.0,569,1.0,1.0,18,1.0,1.0,81,1.0,1.0,58,1.0,1.0,181,1.0,1.0,10,1.0,1.0,66,1.0,1.0
random,sfone,4,clean,2020-06,12399,4882,0.9943154902889626,0.9931393423231606,0.9954944273179985,1559,1.0,1.0,1559,1.0,1.0,199,0.9698492462311558,0.9698492462311558,99,1.0,1.0,219,1.0,1.0,269,1.0,1.0,30,1.0,1.0,2,nan,nan,47,1.0,1.0,338,1.0,1.0,145,1.0,1.0,13,1.0,1.0,21,1.0,1.0,139,1.0,1.0,0,nan,nan,32,0.96875,0.96875
random,sfone,4,clean,2020-07,11387,5502,0.994588093806374,0.9957856712823601,0.9933933933933934,697,1.0,1.0,697,1.0,1.0,148,0.9797297297297297,0.9797297297297297,73,1.0,1.0,531,1.0,1.0,201,1.0,1.0,45,1.0,1.0,20,1.0,1.0,148,1.0,1.0,74,1.0,1.0,205,1.0,1.0,262,1.0,1.0,52,1.0,1.0,72,1.0,1.0,0,nan,nan,51,1.0,1.0
random,sfone,4,clean,2020-08,6337,6071,0.9956709956709957,0.9986842105263158,0.9926759089720115,166,1.0,1.0,166,1.0,1.0,46,0.9782608695652174,0.9782608695652174,75,1.0,1.0,723,1.0,1.0,381,1.0,1.0,73,1.0,1.0,120,1.0,1.0,82,1.0,1.0,10,1.0,1.0,234,1.0,1.0,334,1.0,1.0,18,1.0,1.0,65,1.0,1.0,1,nan,nan,91,1.0,1.0
random,sfone,4,clean,2020-09,8775,6388,0.9930913477354973,0.9969176574196389,0.9892942975748307,278,1.0,1.0,278,1.0,1.0,73,0.9452054794520548,0.958904109589041,62,1.0,1.0,704,1.0,1.0,230,1.0,1.0,247,1.0,1.0,158,1.0,1.0,117,1.0,1.0,14,1.0,1.0,129,1.0,1.0,218,1.0,1.0,22,1.0,1.0,116,1.0,1.0,1,nan,nan,88,1.0,1.0
random,sfone,4,attacked,2019-09,7524,844,0.9345664739884393,0.8808019176291131,0.9953213494213248,40,1.0,1.0,40,1.0,1.0,391,0.9974424552429667,0.9872122762148338,357,1.0,1.0,130,0.9615384615384616,0.9846153846153847,252,1.0,1.0,66,1.0,1.0,243,1.0,1.0,46,1.0,1.0,74,1.0,1.0,88,1.0,1.0,56,1.0,1.0,140,1.0,1.0,15,0.9333333333333333,1.0,5,nan,nan,116,1.0,1.0
random,sfone,4,attacked,2019-10,8474,1295,0.9753822795792213,0.962542808219178,0.9885689162453286,63,1.0,0.1111111111111111,63,1.0,0.1111111111111111,385,0.9922077922077922,0.5064935064935064,508,1.0,0.28937007874015747,91,1.0,0.0,290,1.0,0.05862068965517241,37,1.0,0.1891891891891892,185,1.0,0.9297297297297298,75,1.0,0.17333333333333334,161,1.0,0.08695652173913043,78,1.0,0.5128205128205128,31,1.0,0.06451612903225806,139,1.0,0.39568345323741005,28,1.0,0.0,47,1.0,0.0,126,0.9920634920634921,0.0
random,sfone,4,attacked,2019-11,6212,1804,0.9757061031009283,0.9614636045153756,0.9903769045709703,10,1.0,0.0,10,1.0,0.0,664,0.9984939759036144,0.46536144578313254,145,1.0,0.006896551724137931,60,1.0,0.0,127,1.0,0.0,15,1.0,0.0,92,1.0,0.33695652173913043,140,1.0,0.02142857142857143,83,1.0,0.03614457831325301,30,1.0,0.0,18,1.0,0.0,50,1.0,0.08,15,1.0,0.0,97,1.0,0.0,56,1.0,0.0
random,sfone,4,attacked,2019-12,10159,2177,0.974757281553398,0.9559628659842895,0.994305521168606,81,1.0,0.0,81,1.0,0.0,1288,1.0,0.3385093167701863,277,1.0,0.04693140794223827,217,1.0,0.0,141,1.0,0.014184397163120567,56,1.0,0.03571428571428571,128,1.0,0.1875,371,1.0,0.005390835579514825,40,1.0,0.15,92,1.0,0.2391304347826087,10,1.0,0.1,109,1.0,0.08256880733944955,32,1.0,0.0,165,1.0,0.0,64,1.0,0.0
random,sfone,4,attacked,2020-01,10436,2787,0.9204755072760812,0.8557545731707317,0.9957871396895787,112,1.0,0.03571428571428571,112,1.0,0.03571428571428571,522,0.9942528735632183,0.5823754789272031,407,1.0,0.11793611793611794,236,1.0,0.0,120,1.0,0.175,82,1.0,0.0975609756097561,450,1.0,0.8222222222222222,198,1.0,0.06060606060606061,41,1.0,0.9512195121951219,52,1.0,0.2692307692307692,17,1.0,0.058823529411764705,173,1.0,0.1907514450867052,70,1.0,0.0,357,1.0,0.0,87,1.0,0.022988505747126436
random,sfone,4,attacked,2020-02,7972,3309,0.9385113268608414,0.8962063086104007,0.985008198641368,247,1.0,0.3522267206477733,247,1.0,0.3522267206477733,196,0.9744897959183674,0.7346938775510204,413,1.0,0.4213075060532688,178,1.0,0.06741573033707865,407,1.0,0.9828009828009828,321,1.0,0.9719626168224299,37,1.0,1.0,54,1.0,0.6851851851851852,23,1.0,1.0,119,1.0,0.9915966386554622,20,1.0,0.25,140,1.0,0.2571428571428571,233,1.0,0.0,316,1.0,0.0,66,0.9696969696969697,0.5
random,sfone,4,attacked,2020-03,8567,3708,0.9823392875163992,0.9894287456800163,0.9753507014028057,258,1.0,0.9186046511627907,258,1.0,0.9186046511627907,199,0.8994974874371859,0.5678391959798995,328,1.0,0.7987804878048781,334,1.0,0.8473053892215568,499,0.9899799599198397,0.9579158316633266,610,1.0,0.9983606557377049,195,1.0,1.0,260,1.0,0.8192307692307692,131,1.0,1.0,314,1.0,0.9968152866242038,20,1.0,0.75,69,1.0,0.3188405797101449,70,1.0,0.6714285714285714,44,1.0,0.25,55,0.9818181818181818,0.509090909090909
random,sfone,4,attacked,2020-04,9841,4136,0.9877682403433476,0.9835470085470085,0.9920258620689655,274,1.0,0.9781021897810219,274,1.0,0.9781021897810219,252,0.9801587301587301,0.8055555555555556,705,1.0,0.7815602836879433,119,1.0,0.8235294117647058,312,1.0,0.9775641025641025,356,1.0,0.9943820224719101,209,1.0,1.0,304,1.0,0.7763157894736842,190,1.0,1.0,94,1.0,1.0,75,1.0,0.9066666666666666,84,1.0,0.4166666666666667,32,1.0,0.15625,7,nan,nan,52,1.0,0.4423076923076923
random,sfone,4,attacked,2020-05,11570,4628,0.9916167664670659,0.9955604883462819,0.9877041659020004,932,1.0,0.9978540772532188,932,1.0,0.9978540772532188,270,0.9629629629629629,0.7888888888888889,355,1.0,0.9323943661971831,109,1.0,1.0,82,1.0,0.9878048780487805,276,1.0,1.0,192,1.0,1.0,93,1.0,0.8064516129032258,569,1.0,1.0,18,1.0,1.0,81,1.0,1.0,58,1.0,0.5689655172413793,181,1.0,0.06077348066298342,10,1.0,0.0,66,1.0,0.8636363636363636
random,sfone,4,attacked,2020-06,12399,5206,0.9933633562455558,0.9928926794598436,0.9938344794877876,1559,1.0,1.0,1559,1.0,1.0,199,0.9698492462311558,0.8190954773869347,99,1.0,0.9696969696969697,219,1.0,0.9726027397260274,269,1.0,0.9776951672862454,30,1.0,0.9333333333333333,2,nan,nan,47,1.0,0.7872340425531915,338,1.0,1.0,145,1.0,1.0,13,1.0,0.9230769230769231,21,1.0,0.6666666666666666,139,1.0,0.03597122302158273,0,nan,nan,32,0.96875,0.75
random,sfone,4,attacked,2020-07,11387,5826,0.991056175258768,0.994955609362389,0.9871871871871872,697,1.0,0.9813486370157819,697,1.0,0.9813486370157819,148,0.9594594594594594,0.8445945945945946,73,1.0,0.8356164383561644,531,1.0,0.9962335216572504,201,1.0,1.0,45,1.0,1.0,20,1.0,1.0,148,1.0,0.8445945945945946,74,1.0,1.0,205,1.0,1.0,262,1.0,0.9465648854961832,52,1.0,0.5,72,1.0,0.2222222222222222,0,nan,nan,51,1.0,0.8823529411764706
random,sfone,4,attacked,2020-08,6337,6395,0.995279307631786,0.9978963975808572,0.9926759089720115,166,1.0,1.0,166,1.0,1.0,46,0.9782608695652174,0.6739130434782609,75,1.0,0.8133333333333334,723,1.0,0.9986168741355463,381,1.0,1.0,73,1.0,1.0,120,1.0,1.0,82,1.0,0.9512195121951219,10,1.0,1.0,234,1.0,1.0,334,1.0,1.0,18,1.0,0.7222222222222222,65,1.0,0.7076923076923077,1,nan,nan,91,1.0,0.978021978021978
random,sfone,4,attacked,2020-09,8775,6712,0.9936431389741341,0.996921046844073,0.9903867161896439,278,1.0,0.9928057553956835,278,1.0,0.9928057553956835,73,0.9315068493150684,0.7534246575342466,62,1.0,0.9516129032258065,704,1.0,1.0,230,1.0,1.0,247,1.0,1.0,158,1.0,1.0,117,1.0,0.9487179487179487,14,1.0,1.0,129,1.0,1.0,218,1.0,1.0,22,1.0,1.0,116,1.0,0.853448275862069,1,nan,nan,88,1.0,0.8409090909090909
uncertainty,wacatac,4,clean,2019-09,7524,844,0.9345664739884393,0.8808019176291131,0.9953213494213248,391,0.9974424552429667,0.9872122762148338,40,1.0,1.0,391,0.9974424552429667,0.9872122762148338,357,1.0,1.0,130,0.9615384615384616,0.9846153846153847,252,1.0,1.0,66,1.0,1.0,243,1.0,1.0,46,1.0,1.0,74,1.0,1.0,88,1.0,1.0,56,1.0,1.0,140,1.0,1.0,15,0.9333333333333333,1.0,5,nan,nan,116,1.0,1.0
uncertainty,wacatac,4,clean,2019-10,8474,1220,0.9767948578276501,0.9682505399568034,0.9854913167729171,385,0.9948051948051948,0.9896103896103896,63,1.0,1.0,385,0.9948051948051948,0.9896103896103896,508,0.9803149606299213,0.9803149606299213,91,1.0,1.0,290,1.0,1.0,37,1.0,1.0,185,1.0,1.0,75,1.0,1.0,161,1.0,1.0,78,1.0,1.0,31,1.0,1.0,139,1.0,1.0,28,1.0,1.0,47,1.0,1.0,126,1.0,0.9920634920634921
uncertainty,wacatac,4,clean,2019-11,6212,1644,0.9894148192530458,0.9856744926382809,0.9931836407377707,664,0.9984939759036144,0.9984939759036144,10,1.0,1.0,664,0.9984939759036144,0.9984939759036144,145,1.0,1.0,60,1.0,1.0,127,1.0,1.0,15,1.0,1.0,92,1.0,1.0,140,1.0,1.0,83,1.0,1.0,30,1.0,1.0,18,1.0,1.0,50,1.0,1.0,15,1.0,1.0,97,1.0,1.0,56,1.0,1.0
uncertainty,wacatac,4,clean,2019-12,10159,1955,0.9886699507389163,0.9835824552805685,0.9938103490963109,1288,1.0,1.0,81,1.0,1.0,1288,1.0,1.0,277,1.0,1.0,217,1.0,1.0,141,1.0,1.0,56,1.0,1.0,128,1.0,1.0,371,1.0,1.0,40,1.0,1.0,92,1.0,1.0,10,1.0,1.0,109,1.0,1.0,32,1.0,1.0,165,1.0,1.0,64,1.0,1.0
uncertainty,wacatac,4,clean,2020-01,10436,2463,0.9706263498920087,0.9461052631578948,0.9964523281596452,522,0.9923371647509579,0.9904214559386973,112,1.0,1.0,522,0.9923371647509579,0.9904214559386973,407,0.9975429975429976,0.9926289926289926,236,1.0,1.0,120,1.0,1.0,82,1.0,1.0,450,1.0,1.0,198,1.0,1.0,41,1.0,1.0,52,1.0,1.0,17,1.0,1.0,173,1.0,1.0,70,1.0,1.0,357,1.0,1.0,87,1.0,1.0
uncertainty,wacatac,4,clean,2020-02,7972,2985,0.97973917093619,0.9740680713128039,0.9854766924338253,196,0.9897959183673469,0.9540816326530612,247,1.0,1.0,196,0.9897959183673469,0.9540816326530612,413,1.0,1.0,178,1.0,1.0,407,0.9975429975429976,0.9975429975429976,321,1.0,1.0,37,1.0,1.0,54,1.0,1.0,23,1.0,1.0,119,1.0,1.0,20,1.0,1.0,140,1.0,1.0,233,1.0,1.0,316,1.0,0.9936708860759493,66,0.9696969696969697,0.9696969696969697
uncertainty,wacatac,4,clean,2020-03,8567,3384,0.9868073878627969,0.9995888157894737,0.9743486973947896,199,0.8743718592964824,0.8592964824120602,258,1.0,1.0,199,0.8743718592964824,0.8592964824120602,328,0.9969512195121951,0.9969512195121951,334,1.0,1.0,499,0.9899799599198397,0.9899799599198397,610,0.9983606557377049,0.9983606557377049,195,1.0,1.0,260,1.0,0.9807692307692307,131,1.0,1.0,314,0.9968152866242038,0.9968152866242038,20,1.0,0.95,69,1.0,1.0,70,1.0,1.0,44,1.0,1.0,55,0.9818181818181818,0.9818181818181818
uncertainty,wacatac,4,clean,2020-04,9841,3812,0.9955632507304404,0.9997826559443599,0.9913793103448276,252,0.9722222222222222,0.9603174603174603,274,1.0,1.0,252,0.9722222222222222,0.9603174603174603,705,0.9971631205673759,0.9971631205673759,119,1.0,1.0,312,1.0,1.0,356,1.0,1.0,209,1.0,1.0,304,1.0,0.9967105263157895,190,1.0,1.0,94,1.0,1.0,75,1.0,1.0,84,1.0,1.0,32,1.0,1.0,7,nan,nan,52,1.0,1.0
uncertainty,wacatac,4,clean,2020-05,11570,4304,0.996133308782913,0.9994457786809533,0.9928427234354927,270,0.9666666666666667,0.9555555555555556,932,1.0,1.0,270,0.9666666666666667,0.9555555555555556,355,1.0,1.0,109,1.0,1.0,82,1.0,1.0,276,1.0,1.0,192,1.0,1.0,93,1.0,1.0,569,1.0,1.0,18,1.0,1.0,81,1.0,1.0,58,1.0,1.0,181,1.0,1.0,10,1.0,1.0,66,1.0,1.0
uncertainty,wacatac,4,clean,2020-06,12399,4882,0.9971496437054632,0.9988103735427076,0.9954944273179985,199,0.9748743718592965,0.9698492462311558,1559,1.0,1.0,199,0.9748743718592965,0.9698492462311558,99,1.0,1.0,219,1.0,1.0,269,1.0,1.0,30,1.0,1.0,2,nan,nan,47,1.0,1.0,338,1.0,1.0,145,1.0,1.0,13,1.0,1.0,21,1.0,1.0,139,1.0,1.0,0,nan,nan,32,0.96875,0.9375
uncertainty,wacatac,4,clean,2020-07,11387,5502,0.9966884094330155,0.999195171026157,0.9941941941941942,148,0.972972972972973,0.972972972972973,697,1.0,1.0,148,0.972972972972973,0.972972972972973,73,1.0,1.0,531,1.0,1.0,201,1.0,1.0,45,1.0,1.0,20,1.0,1.0,148,1.0,1.0,74,1.0,1.0,205,1.0,1.0,262,1.0,1.0,52,1.0,1.0,72,1.0,1.0,0,nan,nan,51,1.0,1.0
uncertainty,wacatac,4,clean,2020-08,6337,6071,0.9989528795811519,0.9997380141472361,0.9981689772430029,46,1.0,1.0,166,1.0,1.0,46,1.0,1.0,75,1.0,1.0,723,1.0,1.0,381,1.0,1.0,73,1.0,1.0,120,1.0,1.0,82,1.0,1.0,10,1.0,1.0,234,1.0,1.0,334,1.0,1.0,18,1.0,1.0,65,1.0,1.0,1,nan,nan,91,1.0,1.0
uncertainty,wacatac,4,clean,2020-09,8775,6388,0.9977016526212105,0.999561403508772,0.9958488092637099,73,0.9726027397260274,0.958904109589041,278,1.0,1.0,73,0.9726027397260274,0.958904109589041,62,1.0,1.0,704,1.0,1.0,230,1.0,1.0,247,1.0,1.0,158,1.0,1.0,117,1.0,1.0,14,1.0,1.0,129,1.0,1.0,218,1.0,1.0,22,1.0,1.0,116,1.0,1.0,1,nan,nan,88,1.0,1.0
uncertainty,wacatac,4,attacked,2019-09,7524,844,0.9345664739884393,0.8808019176291131,0.9953213494213248,391,0.9974424552429667,0.9872122762148338,40,1.0,1.0,391,0.9974424552429667,0.9872122762148338,357,1.0,1.0,130,0.9615384615384616,0.9846153846153847,252,1.0,1.0,66,1.0,1.0,243,1.0,1.0,46,1.0,1.0,74,1.0,1.0,88,1.0,1.0,56,1.0,1.0,140,1.0,1.0,15,0.9333333333333333,1.0,5,nan,nan,116,1.0,1.0
uncertainty,wacatac,4,attacked,2019-10,8474,1295,0.9796810137644746,0.9737242128121607,0.9857111453066608,385,0.9922077922077922,0.7168831168831169,63,1.0,0.9841269841269841,385,0.9922077922077922,0.7168831168831169,508,0.9803149606299213,0.8523622047244095,91,1.0,0.6923076923076923,290,1.0,0.9310344827586207,37,1.0,0.8108108108108109,185,1.0,1.0,75,1.0,0.7866666666666666,161,1.0,0.9813664596273292,78,1.0,0.9615384615384616,31,1.0,0.45161290322580644,139,1.0,0.7050359712230215,28,1.0,0.42857142857142855,47,1.0,0.23404255319148937,126,0.9920634920634921,0.1746031746031746
uncertainty,wacatac,4,attacked,2019-11,6212,1804,0.9890241468768709,0.9845053635280095,0.9935846030473136,664,0.9984939759036144,0.9322289156626506,10,1.0,1.0,664,0.9984939759036144,0.9322289156626506,145,1.0,0.9241379310344827,60,1.0,0.7833333333333333,127,1.0,0.984251968503937,15,1.0,0.9333333333333333,92,1.0,1.0,140,1.0,0.2,83,1.0,1.0,30,1.0,1.0,18,1.0,0.3888888888888889,50,1.0,0.64,15,1.0,0.7333333333333333,97,1.0,0.6082474226804123,56,1.0,0.03571428571428571
uncertainty,wacatac,4,attacked,2019-12,10159,2177,0.9896424167694204,0.98575288626873,0.9935627630601634,1288,0.9992236024844721,0.968944099378882,81,1.0,1.0,1288,0.9992236024844721,0.968944099378882,277,1.0,0.9494584837545126,217,1.0,0.7603686635944701,141,1.0,1.0,56,1.0,1.0,128,1.0,1.0,371,1.0,0.8544474393530997,40,1.0,1.0,92,1.0,1.0,10,1.0,0.8,109,1.0,0.7889908256880734,32,1.0,0.84375,165,1.0,0.8484848484848485,64,1.0,0.1875
uncertainty,wacatac,4,attacked,2020-01,10436,2787,0.9705151744248839,0.9460939145083176,0.996230598669623,522,0.9904214559386973,0.8467432950191571,112,1.0,0.9910714285714286,522,0.9904214559386973,0.8467432950191571,407,0.9975429975429976,0.5012285012285013,236,1.0,0.038135593220338986,120,1.0,0.575,82,1.0,0.6707317073170732,450,1.0,1.0,198,1.0,0.06060606060606061,41,1.0,0.926829268292683,52,1.0,1.0,17,1.0,0.4117647058823529,173,1.0,0.3236994219653179,70,1.0,0.6142857142857143,357,1.0,0.0,87,1.0,0.0
uncertainty,wacatac,4,attacked,2020-02,7972,3309,0.9792734047508151,0.9736050011576753,0.985008198641368,196,0.9846938775510204,0.7397959183673469,247,1.0,0.9919028340080972,196,0.9846938775510204,0.7397959183673469,413,1.0,0.8329297820823245,178,1.0,0.8651685393258427,407,0.9975429975429976,0.9901719901719902,321,1.0,0.9719626168224299,37,1.0,1.0,54,1.0,0.6666666666666666,23,1.0,1.0,119,1.0,0.9915966386554622,20,1.0,0.4,140,1.0,0.6142857142857143,233,1.0,0.9742489270386266,316,1.0,0.0,66,0.9696969696969697,0.4393939393939394
uncertainty,wacatac,4,attacked,2020-03,8567,3708,0.9872185027388922,0.9995891536565324,0.9751503006012024,199,0.8743718592964824,0.6884422110552764,258,1.0,0.9961240310077519,199,0.8743718592964824,0.6884422110552764,328,1.0,0.9024390243902439,334,1.0,1.0,499,0.9899799599198397,0.9899799599198397,610,0.9983606557377049,0.9950819672131147,195,1.0,1.0,260,1.0,0.8,131,1.0,1.0,314,1.0,0.9968152866242038,20,1.0,0.75,69,1.0,0.7536231884057971,70,1.0,1.0,44,1.0,0.0,55,1.0,0.509090909090909
uncertainty,wacatac,4,attacked,2020-04,9841,4136,0.9963235294117647,0.9997829861111112,0.9928879310344828,252,0.9722222222222222,0.9246031746031746,274,1.0,1.0,252,0.9722222222222222,0.9246031746031746,705,0.9985815602836879,0.9475177304964539,119,1.0,1.0,312,1.0,1.0,356,1.0,1.0,209,1.0,1.0,304,1.0,0.9605263157894737,190,1.0,1.0,94,1.0,1.0,75,1.0,0.9733333333333334,84,1.0,0.9761904761904762,32,1.0,1.0,7,nan,nan,52,1.0,0.5769230769230769
uncertainty,wacatac,4,attacked,2020-05,11570,4628,0.9965028529357629,0.9994461879268968,0.9935768030831346,270,0.9814814814814815,0.8703703703703703,932,1.0,0.9989270386266095,270,0.9814814814814815,0.8703703703703703,355,1.0,0.9915492957746479,109,1.0,1.0,82,1.0,1.0,276,1.0,1.0,192,1.0,1.0,93,1.0,0.978494623655914,569,1.0,1.0,18,1.0,1.0,81,1.0,1.0,58,1.0,0.9827586206896551,181,1.0,1.0,10,1.0,0.0,66,1.0,1.0
uncertainty,wacatac,4,attacked,2020-06,12399,5206,0.9973865526253267,0.9992858843132587,0.9954944273179985,199,0.9698492462311558,0.8693467336683417,1559,1.0,1.0,199,0.9698492462311558,0.8693467336683417,99,1.0,1.0,219,1.0,1.0,269,1.0,1.0,30,1.0,1.0,2,nan,nan,47,1.0,1.0,338,1.0,0.9970414201183432,145,1.0,1.0,13,1.0,0.9230769230769231,21,1.0,1.0,139,1.0,1.0,0,nan,nan,32,0.96875,0.9375
uncertainty,wacatac,4,attacked,2020-07,11387,5826,0.9968897361292265,0.999195494770716,0.9945945945945946,148,0.9797297297297297,0.9662162162162162,697,1.0,1.0,148,0.9797297297297297,0.9662162162162162,73,1.0,1.0,531,1.0,1.0,201,1.0,1.0,45,1.0,1.0,20,1.0,1.0,148,1.0,1.0,74,1.0,1.0,205,1.0,1.0,262,1.0,0.9923664122137404,52,1.0,1.0,72,1.0,1.0,0,nan,nan,51,1.0,1.0
uncertainty,wacatac,4,attacked,2020-08,6337,6395,0.998821835318759,0.9997379454926625,0.9979074025634319,46,0.9782608695652174,1.0,166,1.0,1.0,46,0.9782608695652174,1.0,75,1.0,1.0,723,1.0,1.0,381,1.0,1.0,73,1.0,1.0,120,1.0,1.0,82,1.0,1.0,10,1.0,1.0,234,1.0,1.0,334,1.0,1.0,18,1.0,1.0,65,1.0,1.0,1,nan,nan,91,1.0,1.0
uncertainty,wacatac,4,attacked,2020-09,8775,6712,0.9977021555968925,0.9993423936869794,0.9960672929866725,73,0.958904109589041,0.9452054794520548,278,1.0,1.0,73,0.958904109589041,0.9452054794520548,62,1.0,1.0,704,1.0,1.0,230,1.0,1.0,247,1.0,1.0,158,1.0,1.0,117,1.0,1.0,14,1.0,1.0,129,1.0,1.0,218,1.0,1.0,22,1.0,1.0,116,1.0,1.0,1,nan,nan,88,1.0,1.0
uncertainty,sfone,4,clean,2019-09,7524,844,0.9345664739884393,0.8808019176291131,0.9953213494213248,40,1.0,1.0,40,1.0,1.0,391,0.9974424552429667,0.9872122762148338,357,1.0,1.0,130,0.9615384615384616,0.9846153846153847,252,1.0,1.0,66,1.0,1.0,243,1.0,1.0,46,1.0,1.0,74,1.0,1.0,88,1.0,1.0,56,1.0,1.0,140,1.0,1.0,15,0.9333333333333333,1.0,5,nan,nan,116,1.0,1.0
uncertainty,sfone,4,clean,2019-10,8474,1220,0.9767948578276501,0.9682505399568034,0.9854913167729171,63,1.0,1.0,63,1.0,1.0,385,0.9948051948051948,0.9896103896103896,508,0.9803149606299213,0.9803149606299213,91,1.0,1.0,290,1.0,1.0,37,1.0,1.0,185,1.0,1.0,75,1.0,1.0,161,1.0,1.0,78,1.0,1.0,31,1.0,1.0,139,1.0,1.0,28,1.0,1.0,47,1.0,1.0,126,1.0,0.9920634920634921
uncertainty,sfone,4,clean,2019-11,6212,1644,0.9894148192530458,0.9856744926382809,0.9931836407377707,10,1.0,1.0,10,1.0,1.0,664,0.9984939759036144,0.9984939759036144,145,1.0,1.0,60,1.0,1.0,127,1.0,1.0,15,1.0,1.0,92,1.0,1.0,140,1.0,1.0,83,1.0,1.0,30,1.0,1.0,18,1.0,1.0,50,1.0,1.0,15,1.0,1.0,97,1.0,1.0,56,1.0,1.0
uncertainty,sfone,4,clean,2019-12,10159,1955,0.9886699507389163,0.9835824552805685,0.9938103490963109,81,1.0,1.0,81,1.0,1.0,1288,1.0,1.0,277,1.0,1.0,217,1.0,1.0,141,1.0,1.0,56,1.0,1.0,128,1.0,1.0,371,1.0,1.0,40,1.0,1.0,92,1.0,1.0,10,1.0,1.0,109,1.0,1.0,32,1.0,1.0,165,1.0,1.0,64,1.0,1.0
uncertainty,sfone,4,clean,2020-01,10436,2463,0.9706263498920087,0.9461052631578948,0.9964523281596452,112,1.0,1.0,112,1.0,1.0,522,0.9923371647509579,0.9904214559386973,407,0.9975429975429976,0.9926289926289926,236,1.0,1.0,120,1.0,1.0,82,1.0,1.0,450,1.0,1.0,198,1.0,1.0,41,1.0,1.0,52,1.0,1.0,17,1.0,1.0,173,1.0,1.0,70,1.0,1.0,357,1.0,1.0,87,1.0,1.0
uncertainty,sfone,4,clean,2020-02,7972,2985,0.97973917093619,0.9740680713128039,0.9854766924338253,247,1.0,1.0,247,1.0,1.0,196,0.9897959183673469,0.9540816326530612,413,1.0,1.0,178,1.0,1.0,407,0.9975429975429976,0.9975429975429976,321,1.0,1.0,37,1.0,1.0,54,1.0,1.0,23,1.0,1.0,119,1.0,1.0,20,1.0,1.0,140,1.0,1.0,233,1.0,1.0,316,1.0,0.9936708860759493,66,0.9696969696969697,0.9696969696969697
uncertainty,sfone,4,clean,2020-03,8567,3384,0.9868073878627969,0.9995888157894737,0.9743486973947896,258,1.0,1.0,258,1.0,1.0,199,0.8743718592964824,0.8592964824120602,328,0.9969512195121951,0.9969512195121951,334,1.0,1.0,499,0.9899799599198397,0.9899799599198397,610,0.9983606557377049,0.9983606557377049,195,1.0,1.0,260,1.0,0.9807692307692307,131,1.0,1.0,314,0.9968152866242038,0.9968152866242038,20,1.0,0.95,69,1.0,1.0,70,1.0,1.0,44,1.0,1.0,55,0.9818181818181818,0.9818181818181818
uncertainty,sfone,4,clean,2020-04,9841,3812,0.9955632507304404,0.9997826559443599,0.9913793103448276,274,1.0,1.0,274,1.0,1.0,252,0.9722222222222222,0.9603174603174603,705,0.9971631205673759,0.9971631205673759,119,1.0,1.0,312,1.0,1.0,356,1.0,1.0,209,1.0,1.0,304,1.0,0.9967105263157895,190,1.0,1.0,94,1.0,1.0,75,1.0,1.0,84,1.0,1.0,32,1.0,1.0,7,nan,nan,52,1.0,1.0
uncertainty,sfone,4,clean,2020-05,11570,4304,0.996133308782913,0.9994457786809533,0.9928427234354927,932,1.0,1.0,932,1.0,1.0,270,0.9666666666666667,0.9555555555555556,355,1.0,1.0,109,1.0,1.0,82,1.0,1.0,276,1.0,1.0,192,1.0,1.0,93,1.0,1.0,569,1.0,1.0,18,1.0,1.0,81,1.0,1.0,58,1.0,1.0,181,1.0,1.0,10,1.0,1.0,66,1.0,1.0
uncertainty,sfone,4,clean,2020-06,12399,4882,0.9971496437054632,0.9988103735427076,0.9954944273179985,1559,1.0,1.0,1559,1.0,1.0,199,0.9748743718592965,0.9698492462311558,99,1.0,1.0,219,1.0,1.0,269,1.0,1.0,30,1.0,1.0,2,nan,nan,47,1.0,1.0,338,1.0,1.0,145,1.0,1.0,13,1.0,1.0,21,1.0,1.0,139,1.0,1.0,0,nan,nan,32,0.96875,0.9375
uncertainty,sfone,4,clean,2020-07,11387,5502,0.9966884094330155,0.999195171026157,0.9941941941941942,697,1.0,1.0,697,1.0,1.0,148,0.972972972972973,0.972972972972973,73,1.0,1.0,531,1.0,1.0,201,1.0,1.0,45,1.0,1.0,20,1.0,1.0,148,1.0,1.0,74,1.0,1.0,205,1.0,1.0,262,1.0,1.0,52,1.0,1.0,72,1.0,1.0,0,nan,nan,51,1.0,1.0
uncertainty,sfone,4,clean,2020-08,6337,6071,0.9989528795811519,0.9997380141472361,0.9981689772430029,166,1.0,1.0,166,1.0,1.0,46,1.0,1.0,75,1.0,1.0,723,1.0,1.0,381,1.0,1.0,73,1.0,1.0,120,1.0,1.0,82,1.0,1.0,10,1.0,1.0,234,1.0,1.0,334,1.0,1.0,18,1.0,1.0,65,1.0,1.0,1,nan,nan,91,1.0,1.0
uncertainty,sfone,4,clean,2020-09,8775,6388,0.9977016526212105,0.999561403508772,0.9958488092637099,278,1.0,1.0,278,1.0,1.0,73,0.9726027397260274,0.958904109589041,62,1.0,1.0,704,1.0,1.0,230,1.0,1.0,247,1.0,1.0,158,1.0,1.0,117,1.0,1.0,14,1.0,1.0,129,1.0,1.0,218,1.0,1.0,22,1.0,1.0,116,1.0,1.0,1,nan,nan,88,1.0,1.0
uncertainty,sfone,4,attacked,2019-09,7524,844,0.9345664739884393,0.8808019176291131,0.9953213494213248,40,1.0,1.0,40,1.0,1.0,391,0.9974424552429667,0.9872122762148338,357,1.0,1.0,130,0.9615384615384616,0.9846153846153847,252,1.0,1.0,66,1.0,1.0,243,1.0,1.0,46,1.0,1.0,74,1.0,1.0,88,1.0,1.0,56,1.0,1.0,140,1.0,1.0,15,0.9333333333333333,1.0,5,nan,nan,116,1.0,1.0
uncertainty,sfone,4,attacked,2019-10,8474,1295,0.9796810137644746,0.9737242128121607,0.9857111453066608,63,1.0,0.9841269841269841,63,1.0,0.9841269841269841,385,0.9922077922077922,0.7168831168831169,508,0.9803149606299213,0.8523622047244095,91,1.0,0.6923076923076923,290,1.0,0.9310344827586207,37,1.0,0.8108108108108109,185,1.0,1.0,75,1.0,0.7866666666666666,161,1.0,0.9813664596273292,78,1.0,0.9615384615384616,31,1.0,0.45161290322580644,139,1.0,0.7050359712230215,28,1.0,0.42857142857142855,47,1.0,0.23404255319148937,126,0.9920634920634921,0.1746031746031746
uncertainty,sfone,4,attacked,2019-11,6212,1804,0.9890241468768709,0.9845053635280095,0.9935846030473136,10,1.0,1.0,10,1.0,1.0,664,0.9984939759036144,0.9322289156626506,145,1.0,0.9241379310344827,60,1.0,0.7833333333333333,127,1.0,0.984251968503937,15,1.0,0.9333333333333333,92,1.0,1.0,140,1.0,0.2,83,1.0,1.0,30,1.0,1.0,18,1.0,0.3888888888888889,50,1.0,0.64,15,1.0,0.7333333333333333,97,1.0,0.6082474226804123,56,1.0,0.03571428571428571
uncertainty,sfone,4,attacked,2019-12,10159,2177,0.9896424167694204,0.98575288626873,0.9935627630601634,81,1.0,1.0,81,1.0,1.0,1288,0.9992236024844721,0.968944099378882,277,1.0,0.9494584837545126,217,1.0,0.7603686635944701,141,1.0,1.0,56,1.0,1.0,128,1.0,1.0,371,1.0,0.8544474393530997,40,1.0,1.0,92,1.0,1.0,10,1.0,0.8,109,1.0,0.7889908256880734,32,1.0,0.84375,165,1.0,0.8484848484848485,64,1.0,0.1875
uncertainty,sfone,4,attacked,2020-01,10436,2787,0.9705151744248839,0.9460939145083176,0.996230598669623,112,1.0,0.9910714285714286,112,1.0,0.9910714285714286,522,0.9904214559386973,0.8467432950191571,407,0.9975429975429976,0.5012285012285013,236,1.0,0.038135593220338986,120,1.0,0.575,82,1.0,0.6707317073170732,450,1.0,1.0,198,1.0,0.06060606060606061,41,1.0,0.926829268292683,52,1.0,1.0,17,1.0,0.4117647058823529,173,1.0,0.3236994219653179,70,1.0,0.6142857142857143,357,1.0,0.0,87,1.0,0.0
uncertainty,sfone,4,attacked,2020-02,7972,3309,0.9792734047508151,0.9736050011576753,0.985008198641368,247,1.0,0.9919028340080972,247,1.0,0.9919028340080972,196,0.9846938775510204,0.7397959183673469,413,1.0,0.8329297820823245,178,1.0,0.8651685393258427,407,0.9975429975429976,0.9901719901719902,321,1.0,0.9719626168224299,37,1.0,1.0,54,1.0,0.6666666666666666,23,1.0,1.0,119,1.0,0.9915966386554622,20,1.0,0.4,140,1.0,0.6142857142857143,233,1.0,0.9742489270386266,316,1.0,0.0,66,0.9696969696969697,0.4393939393939394
uncertainty,sfone,4,attacked,2020-03,8567,3708,0.9872185027388922,0.9995891536565324,0.9751503006012024,258,1.0,0.9961240310077519,258,1.0,0.9961240310077519,199,0.8743718592964824,0.6884422110552764,328,1.0,0.9024390243902439,334,1.0,1.0,499,0.9899799599198397,0.9899799599198397,610,0.9983606557377049,0.9950819672131147,195,1.0,1.0,260,1.0,0.8,131,1.0,1.0,314,1.0,0.9968152866242038,20,1.0,0.75,69,1.0,0.7536231884057971,70,1.0,1.0,44,1.0,0.0,55,1.0,0.509090909090909
uncertainty,sfone,4,attacked,2020-04,9841,4136,0.9963235294117647,0.9997829861111112,0.9928879310344828,274,1.0,1.0,274,1.0,1.0,252,0.9722222222222222,0.9246031746031746,705,0.9985815602836879,0.9475177304964539,119,1.0,1.0,312,1.0,1.0,356,1.0,1.0,209,1.0,1.0,304,1.0,0.9605263157894737,190,1.0,1.0,94,1.0,1.0,75,1.0,0.9733333333333334,84,1.0,0.9761904761904762,32,1.0,1.0,7,nan,nan,52,1.0,0.5769230769230769
uncertainty,sfone,4,attacked,2020-05,11570,4628,0.9965028529357629,0.9994461879268968,0.9935768030831346,932,1.0,0.9989270386266095,932,1.0,0.9989270386266095,270,0.9814814814814815,0.8703703703703703,355,1.0,0.9915492957746479,109,1.0,1.0,82,1.0,1.0,276,1.0,1.0,192,1.0,1.0,93,1.0,0.978494623655914,569,1.0,1.0,18,1.0,1.0,81,1.0,1.0,58,1.0,0.9827586206896551,181,1.0,1.0,10,1.0,0.0,66,1.0,1.0
uncertainty,sfone,4,attacked,2020-06,12399,5206,0.9973865526253267,0.9992858843132587,0.9954944273179985,1559,1.0,1.0,1559,1.0,1.0,199,0.9698492462311558,0.8693467336683417,99,1.0,1.0,219,1.0,1.0,269,1.0,1.0,30,1.0,1.0,2,nan,nan,47,1.0,1.0,338,1.0,0.9970414201183432,145,1.0,1.0,13,1.0,0.9230769230769231,21,1.0,1.0,139,1.0,1.0,0,nan,nan,32,0.96875,0.9375
uncertainty,sfone,4,attacked,2020-07,11387,5826,0.9968897361292265,0.999195494770716,0.9945945945945946,697,1.0,1.0,697,1.0,1.0,148,0.9797297297297297,0.9662162162162162,73,1.0,1.0,531,1.0,1.0,201,1.0,1.0,45,1.0,1.0,20,1.0,1.0,148,1.0,1.0,74,1.0,1.0,205,1.0,1.0,262,1.0,0.9923664122137404,52,1.0,1.0,72,1.0,1.0,0,nan,nan,51,1.0,1.0
uncertainty,sfone,4,attacked,2020-08,6337,6395,0.998821835318759,0.9997379454926625,0.9979074025634319,166,1.0,1.0,166,1.0,1.0,46,0.9782608695652174,1.0,75,1.0,1.0,723,1.0,1.0,381,1.0,1.0,73,1.0,1.0,120,1.0,1.0,82,1.0,1.0,10,1.0,1.0,234,1.0,1.0,334,1.0,1.0,18,1.0,1.0,65,1.0,1.0,1,nan,nan,91,1.0,1.0
uncertainty,sfone,4,attacked,2020-09,8775,6712,0.9977021555968925,0.9993423936869794,0.9960672929866725,278,1.0,1.0,278,1.0,1.0,73,0.958904109589041,0.9452054794520548,62,1.0,1.0,704,1.0,1.0,230,1.0,1.0,247,1.0,1.0,158,1.0,1.0,117,1.0,1.0,14,1.0,1.0,129,1.0,1.0,218,1.0,1.0,22,1.0,1.0,116,1.0,1.0,1,nan,nan,88,1.0,1.0
